deal_id,empresa_id,nome_empresa,cnpj,pipeline,etapa,vendedor_id,vendedor_nome,data_criacao,data_fechamento,dias_ciclo,vl_mrr,vl_setup,receita_total,sigla_proposta,motivo_perda,ultima_atualizacao
CBE5793D-5,04FC3925,da Mata - ME,54.379.937/1240-00,MIDDLE,Prospecção,V006,Gabriel Rocha,2025-01-14,,,0.0,0.0,0.0,PROP PARCEIRO,,2025-02-20
C93B0EC7-E,80060E8D,Alves e Filhos,10.433.218/1960-00,CORPORATE,Qualificação,V002,Bruno Carvalho,2024-12-07,,,0.0,0.0,0.0,PROP PARCEIRO,,2024-12-26
7AF0A5D1-B,2BD2BACE,da Luz Moura - EI,84.124.118/2449-00,MIDDLE,Prospecção,V004,Diego Souza,2025-12-14,,,0.0,0.0,0.0,PROP PARCEIRO,,2026-02-09
6FF6920D-5,A8114FDD,Rocha,90.659.401/3990-00,MIDDLE,Prospecção,V004,Diego Souza,2026-02-10,,,0.0,0.0,0.0,PROP,,2026-03-02
9E309A0C-E,5A3233A0,Martins Porto Ltda.,95.269.495/8887-00,CORPORATE,Prospecção,V005,Fernanda Lima,2025-10-01,,,0.0,0.0,0.0,PROP,,2025-11-01
D5A2A4F9-7,8D98014F,Lopes Cardoso S/A,99.650.752/7354-00,CORPORATE,Prospecção,V007,Helena Costa,2024-07-24,,,0.0,0.0,0.0,PROP NEOGRID,,2024-08-17
2B8F3789-6,3BDE734F,Azevedo,97.700.886/0084-00,CORPORATE,Prospecção,V002,Bruno Carvalho,2025-04-16,,,0.0,0.0,0.0,PROP PARCEIRO,,2025-04-28
4F4049A1-D,CE107748,Ribeiro,70.805.310/0330-00,CORPORATE,Proposta enviada,V002,Bruno Carvalho,2025-09-14,,,0.0,0.0,0.0,PROP,,2025-09-20
8D8BF8B0-6,086BB693,Araújo Ltda.,97.881.914/8580-00,MIDDLE,Qualificação,V006,Gabriel Rocha,2025-11-13,,,0.0,0.0,0.0,PROP NEOGRID,,2025-12-12
F012B7BE-4,2F855BA7,Duarte Pereira - ME,33.959.629/2330-00,MIDDLE,Qualificação,V004,Diego Souza,2025-05-18,,,0.0,0.0,0.0,PROP,,2025-05-28
1CB58634-B,634848EC,da Rosa,34.944.665/7437-00,MIDDLE,Prospecção,V004,Diego Souza,2025-12-20,,,0.0,0.0,0.0,PROP PARCEIRO,,2025-12-30
5AEC82BD-B,7B7329A2,Pimenta,74.451.870/5349-00,CORPORATE,Qualificação,V001,Ana Paula Ferreira,2025-04-14,,,0.0,0.0,0.0,PROP PARCEIRO,,2025-05-23
5F69AFA9-7,F1BAE541,Fernandes Vargas - ME,11.554.262/2189-00,CORPORATE,Proposta enviada,V001,Ana Paula Ferreira,2024-06-25,,,0.0,0.0,0.0,PROP,,2024-08-08
3E6AF230-9,E450BF36,Sá Moraes S/A,96.575.692/4593-00,CORPORATE,Qualificação,V007,Helena Costa,2025-12-28,,,0.0,0.0,0.0,PROP,,2026-01-10
9DE6DF08-1,098791C8,Guerra,42.059.304/0785-00,CORPORATE,Qualificação,V001,Ana Paula Ferreira,2024-06-24,,,0.0,0.0,0.0,PROP PARCEIRO,,2024-07-02
DB8E4FBB-8,136ABA6F,Aragão S.A.,44.472.126/4647-00,MIDDLE,Ganho (MIDDLE),V003,Carla Mendes,2024-11-26,2025-05-08,163.0,2648.28,5192.35,7840.63,PROP,,2024-12-27
9B3A6483-5,C0CDF647,Guerra,98.214.658/4044-00,CORPORATE,Proposta enviada,V005,Fernanda Lima,2024-11-14,,,0.0,0.0,0.0,PROP NEOGRID,,2024-12-02
6E1334C8-3,1F7D8ED3,Alves,74.801.624/5650-00,CORPORATE,Prospecção,V007,Helena Costa,2025-10-03,,,0.0,0.0,0.0,PROP,,2025-10-03
10EE0144-A,CADD2414,Cardoso,37.367.850/8214-00,CORPORATE,Proposta enviada,V001,Ana Paula Ferreira,2024-09-23,,,0.0,0.0,0.0,PROP,,2024-11-11
448E1D6E-E,0690F4FB,Rocha,10.947.775/2047-00,CORPORATE,Negociação,V001,Ana Paula Ferreira,2025-08-14,,,0.0,0.0,0.0,PROP NEOGRID,,2025-08-30
D5BA7CA3-6,55D5913C,Sá S/A,97.278.755/8867-00,MIDDLE,Prospecção,V004,Diego Souza,2026-03-24,,,0.0,0.0,0.0,PROP PARCEIRO,,2026-04-13
99E4D070-0,BA97B2C4,Abreu,04.709.521/4562-00,MIDDLE,Negociação,V003,Carla Mendes,2026-03-18,,,0.0,0.0,0.0,PROP PARCEIRO,,2026-03-28
271371BC-9,44E554CB,Rocha Silveira e Filhos,87.431.527/4205-00,MIDDLE,Qualificação,V008,Igor Nascimento,2024-08-05,,,0.0,0.0,0.0,PROP NEOGRID,,2024-09-26
7DD066CA-C,88A2A8F8,da Luz - EI,93.296.685/1612-00,MIDDLE,Prospecção,V008,Igor Nascimento,2025-03-20,,,0.0,0.0,0.0,PROP NEOGRID,,2025-05-03
9C4C2F6E-3,35EF0143,Vasconcelos,06.296.201/5336-00,MIDDLE,Negociação,V004,Diego Souza,2026-01-08,,,0.0,0.0,0.0,PROP,,2026-01-14
4F4E94FE-9,F88C5216,Silva - ME,66.253.244/7209-00,MIDDLE,Ganho (MIDDLE),V008,Igor Nascimento,2024-09-28,2025-03-25,178.0,7134.28,19117.05,26251.33,PROP NEOGRID,,2024-11-06
25CE3208-C,F40C38B0,Cassiano Novaes e Filhos,93.759.738/3206-00,CORPORATE,Ganho (CORPORATE),V002,Bruno Carvalho,2024-12-25,2025-05-03,129.0,13470.31,67579.8,81050.11,PROP,,2024-12-29
913B3D50-6,F40C38B0,Cassiano Novaes e Filhos,93.759.738/3206-00,MIDDLE,Proposta enviada,V003,Carla Mendes,2024-06-08,,,0.0,0.0,0.0,PROP PARCEIRO,,2024-07-14
756D15D7-D,4283A2A1,Moura,01.938.026/2067-00,CORPORATE,Perdido,V005,Fernanda Lima,2024-11-18,2025-04-05,138.0,0.0,0.0,0.0,PROP NEOGRID,Escolheu concorrente,2024-12-18
8E04DD7A-D,B055FECC,Leão e Filhos,62.316.658/7603-00,MIDDLE,Proposta enviada,V008,Igor Nascimento,2025-12-02,,,0.0,0.0,0.0,PROP PARCEIRO,,2025-12-05
7E06FD3E-2,A77106FC,Gonçalves - EI,49.651.370/9859-00,CORPORATE,Proposta enviada,V002,Bruno Carvalho,2024-12-02,,,0.0,0.0,0.0,PROP,,2024-12-06
54A80F88-F,250EC7C0,Abreu,95.134.332/0037-00,MIDDLE,Qualificação,V006,Gabriel Rocha,2025-07-23,,,0.0,0.0,0.0,PROP PARCEIRO,,2025-08-16
E6213064-C,F6A3D576,Castro,60.466.183/9826-00,MIDDLE,Negociação,V003,Carla Mendes,2025-01-18,,,0.0,0.0,0.0,PROP,,2025-03-13
4FACC9E6-5,5271D9CA,Mendonça - EI,87.072.867/9087-00,MIDDLE,Qualificação,V003,Carla Mendes,2024-12-10,,,0.0,0.0,0.0,PROP NEOGRID,,2025-01-05
4FD1BE04-E,3BD985B4,Azevedo Ltda.,22.332.061/6329-00,CORPORATE,Proposta enviada,V001,Ana Paula Ferreira,2026-01-30,,,0.0,0.0,0.0,PROP PARCEIRO,,2026-02-18
FB12F7F9-7,55D5913C,Sá S/A,97.278.755/8867-00,CORPORATE,Proposta enviada,V007,Helena Costa,2025-05-19,,,0.0,0.0,0.0,PROP,,2025-07-12
322A56BE-B,FED99D3B,da Paz Fogaça S/A,83.806.578/7598-00,MIDDLE,Qualificação,V008,Igor Nascimento,2024-06-30,,,0.0,0.0,0.0,PROP,,2024-08-17
B4665170-9,AB7C34F7,Leão,39.473.121/7271-00,CORPORATE,Prospecção,V005,Fernanda Lima,2024-07-24,,,0.0,0.0,0.0,PROP PARCEIRO,,2024-08-16
E7FEC144-9,3E9184C1,Cavalcanti e Filhos,34.125.286/6929-00,CORPORATE,Prospecção,V002,Bruno Carvalho,2024-12-15,,,0.0,0.0,0.0,PROP PARCEIRO,,2025-01-10
0ADC1CFB-8,098791C8,Guerra,42.059.304/0785-00,CORPORATE,Prospecção,V002,Bruno Carvalho,2025-10-23,,,0.0,0.0,0.0,PROP,,2025-11-21
51B8113E-8,155D1530,Borges,59.770.348/2477-00,CORPORATE,Negociação,V001,Ana Paula Ferreira,2025-03-05,,,0.0,0.0,0.0,PROP PARCEIRO,,2025-04-11
FCB8D5B5-7,B423A580,Mendonça Cunha Ltda.,91.022.901/4767-00,CORPORATE,Negociação,V007,Helena Costa,2025-01-20,,,0.0,0.0,0.0,PROP,,2025-02-20
29DB4110-2,634848EC,da Rosa,34.944.665/7437-00,CORPORATE,Proposta enviada,V001,Ana Paula Ferreira,2024-10-14,,,0.0,0.0,0.0,PROP NEOGRID,,2024-12-12
58596F7A-2,0313E25E,da Rocha,61.125.457/3875-00,CORPORATE,Proposta enviada,V002,Bruno Carvalho,2025-12-23,,,0.0,0.0,0.0,PROP PARCEIRO,,2026-02-17
7281D461-5,84D3FBF9,Rios,89.517.187/0262-00,MIDDLE,Qualificação,V008,Igor Nascimento,2025-03-01,,,0.0,0.0,0.0,PROP,,2025-03-18
34513866-5,6D067F2C,Costa Marques Ltda.,82.337.498/9413-00,MIDDLE,Perdido,V006,Gabriel Rocha,2025-01-25,2025-03-05,39.0,0.0,0.0,0.0,PROP PARCEIRO,Sem retorno,2025-02-13
7C81986D-0,33FA05AC,Pimenta Aparecida e Filhos,69.901.398/3735-00,MIDDLE,Negociação,V004,Diego Souza,2025-10-10,,,0.0,0.0,0.0,PROP PARCEIRO,,2025-11-01
B2E10382-9,125B5B13,Marques,85.289.226/8018-00,CORPORATE,Perdido,V002,Bruno Carvalho,2024-12-04,2025-04-26,143.0,0.0,0.0,0.0,PROP,Sem budget,2025-01-08
C09EB132-8,0D73F4C4,da Costa,42.067.883/1712-00,MIDDLE,Proposta enviada,V008,Igor Nascimento,2024-06-12,,,0.0,0.0,0.0,PROP NEOGRID,,2024-08-07
B9C9EBCC-6,1036BC4F,Machado - ME,61.622.999/1191-00,MIDDLE,Negociação,V003,Carla Mendes,2026-04-08,,,0.0,0.0,0.0,PROP,,2026-04-20
BB59D1C9-B,CC0D7F59,Ribeiro S.A.,32.871.012/2691-00,MIDDLE,Negociação,V004,Diego Souza,2025-07-14,,,0.0,0.0,0.0,PROP,,2025-08-27
532378D6-0,0690F4FB,Rocha,10.947.775/2047-00,MIDDLE,Prospecção,V003,Carla Mendes,2025-05-01,,,0.0,0.0,0.0,PROP PARCEIRO,,2025-06-17
4CFC07A7-6,AD09D08B,Lopes,99.938.677/4964-00,CORPORATE,Negociação,V007,Helena Costa,2025-09-02,,,0.0,0.0,0.0,PROP PARCEIRO,,2025-09-20
8C64AB25-E,A9C1B795,Casa Grande Alves S/A,93.248.086/1317-00,CORPORATE,Perdido,V007,Helena Costa,2025-03-03,2025-08-30,180.0,0.0,0.0,0.0,PROP,Sem budget,2025-03-15
6BCC9B76-A,358F2450,Ribeiro S/A,95.342.836/4408-00,MIDDLE,Ganho (MIDDLE),V006,Gabriel Rocha,2024-09-08,2025-01-30,144.0,11338.3,7501.13,18839.43,PROP PARCEIRO,,2024-09-20
B51E8AC2-8,E14A779C,Pinto,75.705.964/0165-00,MIDDLE,Qualificação,V003,Carla Mendes,2025-10-24,,,0.0,0.0,0.0,PROP,,2025-11-17
9CD4235D-3,05976912,Silva Fernandes S.A.,12.419.049/6631-00,CORPORATE,Qualificação,V005,Fernanda Lima,2025-12-21,,,0.0,0.0,0.0,PROP,,2026-01-11
3EF133A1-3,B714D0D7,Silveira,36.851.604/8175-00,MIDDLE,Negociação,V004,Diego Souza,2026-03-24,,,0.0,0.0,0.0,PROP,,2026-05-12
A0512602-5,E6484C2D,Pereira e Filhos,85.497.334/8434-00,MIDDLE,Qualificação,V006,Gabriel Rocha,2026-02-18,,,0.0,0.0,0.0,PROP,,2026-03-01
65760543-C,A2F8DF9D,Silva das Neves - ME,53.487.401/6400-00,CORPORATE,Negociação,V002,Bruno Carvalho,2025-03-04,,,0.0,0.0,0.0,PROP NEOGRID,,2025-03-18
5314E4C3-6,F1C53C0E,Silveira Jesus - ME,03.690.034/3244-00,CORPORATE,Proposta enviada,V005,Fernanda Lima,2025-04-29,,,0.0,0.0,0.0,PROP PARCEIRO,,2025-06-01
93E14551-8,3DF31231,Monteiro e Filhos,33.334.680/0722-00,MIDDLE,Perdido,V003,Carla Mendes,2026-01-06,2026-07-01,176.0,0.0,0.0,0.0,PROP PARCEIRO,Sem retorno,2026-03-05
5E538755-0,F2130614,da Mata Novaes S.A.,20.297.021/3556-00,CORPORATE,Perdido,V005,Fernanda Lima,2025-04-08,2025-05-12,34.0,0.0,0.0,0.0,PROP NEOGRID,Preço alto,2025-06-05
39A99B26-A,4E9414EC,Peixoto Ltda.,91.699.854/3534-00,MIDDLE,Qualificação,V008,Igor Nascimento,2024-12-21,,,0.0,0.0,0.0,PROP,,2025-01-10
F5A24FF0-D,DAB7368B,da Rocha S/A,27.532.697/3112-00,CORPORATE,Perdido,V002,Bruno Carvalho,2024-10-30,2025-03-20,141.0,0.0,0.0,0.0,PROP PARCEIRO,Escolheu concorrente,2024-12-24
EDB9B4FD-B,5EB47A29,Pimenta,58.514.936/8998-00,MIDDLE,Ganho (MIDDLE),V004,Diego Souza,2024-10-30,2025-02-23,116.0,10051.86,28313.03,38364.89,PROP PARCEIRO,,2024-12-12
DF715677-8,E4E2BA81,Pereira Pereira e Filhos,68.117.758/9178-00,CORPORATE,Prospecção,V005,Fernanda Lima,2026-03-26,,,0.0,0.0,0.0,PROP NEOGRID,,2026-04-30
CBE68AB2-2,B0234779,Silva - EI,03.161.799/0421-00,CORPORATE,Proposta enviada,V002,Bruno Carvalho,2025-08-12,,,0.0,0.0,0.0,PROP NEOGRID,,2025-09-08
E84BF288-C,4471C0A6,Castro Martins - ME,88.095.701/5430-00,MIDDLE,Prospecção,V003,Carla Mendes,2024-11-02,,,0.0,0.0,0.0,PROP,,2024-12-20
671F7D36-9,6D067F2C,Costa Marques Ltda.,82.337.498/9413-00,CORPORATE,Negociação,V001,Ana Paula Ferreira,2025-05-02,,,0.0,0.0,0.0,PROP PARCEIRO,,2025-05-21
5ABC7BC0-5,7F35200B,Vargas,02.606.474/6872-00,CORPORATE,Prospecção,V007,Helena Costa,2025-04-08,,,0.0,0.0,0.0,PROP NEOGRID,,2025-04-18
3A73023F-D,364CD2EC,Dias - ME,62.312.038/7509-00,CORPORATE,Prospecção,V007,Helena Costa,2024-10-22,,,0.0,0.0,0.0,PROP NEOGRID,,2024-12-04
AAA81A8A-F,6FD00BCC,Aragão,39.636.057/6627-00,MIDDLE,Perdido,V003,Carla Mendes,2024-10-14,2025-03-10,147.0,0.0,0.0,0.0,PROP PARCEIRO,Sem retorno,2024-11-08
64E5E543-9,0494E21C,Pinto,80.002.578/7298-00,CORPORATE,Qualificação,V005,Fernanda Lima,2025-09-29,,,0.0,0.0,0.0,PROP PARCEIRO,,2025-10-08
9A84A52D-D,15D2C1B6,Montenegro,93.618.324/2102-00,CORPORATE,Prospecção,V005,Fernanda Lima,2025-10-17,,,0.0,0.0,0.0,PROP PARCEIRO,,2025-12-10
67E9880E-E,E9FA9418,Brito,00.109.439/6907-00,CORPORATE,Ganho (CORPORATE),V007,Helena Costa,2024-07-12,2024-12-04,145.0,10485.84,104035.93,114521.77,PROP NEOGRID,,2024-07-18
3037240F-F,190693B7,Novaes,99.471.746/4887-00,CORPORATE,Negociação,V007,Helena Costa,2025-05-30,,,0.0,0.0,0.0,PROP,,2025-06-05
9BAD4338-F,26BD4132,Novaes,45.961.586/5780-00,MIDDLE,Proposta enviada,V004,Diego Souza,2025-06-12,,,0.0,0.0,0.0,PROP PARCEIRO,,2025-07-01
AE9BE5B2-A,BFAA86F5,da Mata,16.453.521/8188-00,CORPORATE,Proposta enviada,V005,Fernanda Lima,2025-06-14,,,0.0,0.0,0.0,PROP NEOGRID,,2025-06-29
C842DBFD-D,8DA571B6,Pinto Marques e Filhos,77.514.010/5123-00,CORPORATE,Negociação,V007,Helena Costa,2025-07-24,,,0.0,0.0,0.0,PROP PARCEIRO,,2025-08-14
4EC8BA8F-3,2AF4CA37,Aparecida Dias Ltda.,34.768.701/4626-00,MIDDLE,Qualificação,V006,Gabriel Rocha,2025-06-25,,,0.0,0.0,0.0,PROP PARCEIRO,,2025-08-02
6AC67D2C-6,A12932FE,da Paz Santos Ltda.,88.623.924/0758-00,CORPORATE,Ganho (CORPORATE),V002,Bruno Carvalho,2024-10-29,2024-12-23,55.0,24742.6,134087.02,158829.62,PROP,,2024-12-14
FDA8AEE4-3,ED136646,Almeida,05.377.351/5850-00,CORPORATE,Ganho (CORPORATE),V001,Ana Paula Ferreira,2024-09-15,2025-02-15,153.0,35385.09,92605.08,127990.17,PROP,,2024-10-20
CF6878CA-2,7FC4FB9C,Pires Cunha Ltda.,22.292.706/5379-00,MIDDLE,Proposta enviada,V008,Igor Nascimento,2024-07-03,,,0.0,0.0,0.0,PROP,,2024-08-29
DE3CD4FD-5,895AB29C,Vargas Cardoso - ME,85.646.799/7024-00,MIDDLE,Prospecção,V003,Carla Mendes,2025-03-23,,,0.0,0.0,0.0,PROP,,2025-05-16
2B51F287-6,7D31C389,Marques,97.848.018/4514-00,CORPORATE,Negociação,V002,Bruno Carvalho,2025-02-01,,,0.0,0.0,0.0,PROP PARCEIRO,,2025-03-15
204A6905-E,43568F75,Souza,49.035.213/5680-00,CORPORATE,Negociação,V007,Helena Costa,2025-05-01,,,0.0,0.0,0.0,PROP,,2025-05-05
81BCBABC-9,D19998B0,Pereira,69.711.798/0893-00,MIDDLE,Qualificação,V003,Carla Mendes,2024-06-18,,,0.0,0.0,0.0,PROP NEOGRID,,2024-07-12
0B5EFCEC-8,E9FA9418,Brito,00.109.439/6907-00,MIDDLE,Ganho (MIDDLE),V003,Carla Mendes,2026-03-24,2026-09-11,171.0,5537.0,21704.62,27241.62,PROP PARCEIRO,,2026-05-03
48C945FD-B,E14A779C,Pinto,75.705.964/0165-00,MIDDLE,Ganho (MIDDLE),V006,Gabriel Rocha,2024-09-18,2025-02-09,144.0,8982.24,12546.47,21528.71,PROP NEOGRID,,2024-10-11
3A2B095A-0,2AF4CA37,Aparecida Dias Ltda.,34.768.701/4626-00,CORPORATE,Qualificação,V007,Helena Costa,2025-09-17,,,0.0,0.0,0.0,PROP NEOGRID,,2025-10-18
BA6D0E13-6,7E995ADB,Rocha e Filhos,14.294.019/6556-00,MIDDLE,Ganho (MIDDLE),V003,Carla Mendes,2024-12-06,2025-01-15,40.0,7158.58,8439.74,15598.32,PROP PARCEIRO,,2025-01-16
913C832B-F,4E7166BC,Freitas,32.133.480/3965-00,MIDDLE,Prospecção,V004,Diego Souza,2025-11-23,,,0.0,0.0,0.0,PROP,,2026-01-04
556216D0-A,BA97B2C4,Abreu,04.709.521/4562-00,CORPORATE,Qualificação,V005,Fernanda Lima,2026-01-07,,,0.0,0.0,0.0,PROP,,2026-02-13
8768DF54-6,8EA0B8E0,Novaes,49.027.874/2967-00,CORPORATE,Proposta enviada,V007,Helena Costa,2026-04-11,,,0.0,0.0,0.0,PROP PARCEIRO,,2026-04-21
D9BBA0DD-4,E55120A5,Pinto,35.925.556/2588-00,CORPORATE,Proposta enviada,V001,Ana Paula Ferreira,2024-09-24,,,0.0,0.0,0.0,PROP,,2024-10-27
4873B484-D,8D725814,Moura,28.733.427/0866-00,MIDDLE,Proposta enviada,V003,Carla Mendes,2024-06-25,,,0.0,0.0,0.0,PROP,,2024-07-23
F20C2D09-E,D1DFBA49,Gomes Marques Ltda.,83.982.258/7139-00,MIDDLE,Ganho (MIDDLE),V004,Diego Souza,2025-09-21,2026-01-09,110.0,9411.74,24249.25,33660.99,PROP,,2025-10-30
66545E07-E,CADD2414,Cardoso,37.367.850/8214-00,MIDDLE,Prospecção,V006,Gabriel Rocha,2025-01-24,,,0.0,0.0,0.0,PROP NEOGRID,,2025-02-17
AC77F694-6,84D3FBF9,Rios,89.517.187/0262-00,CORPORATE,Prospecção,V002,Bruno Carvalho,2024-11-14,,,0.0,0.0,0.0,PROP NEOGRID,,2025-01-05
8FE8FE65-8,098EC135,Pastor Pacheco S.A.,62.890.233/0307-00,CORPORATE,Proposta enviada,V002,Bruno Carvalho,2025-01-01,,,0.0,0.0,0.0,PROP PARCEIRO,,2025-02-02
12F9685B-1,CC0D7F59,Ribeiro S.A.,32.871.012/2691-00,CORPORATE,Prospecção,V002,Bruno Carvalho,2024-08-24,,,0.0,0.0,0.0,PROP PARCEIRO,,2024-10-04
F7D0FB97-C,3E6D8016,Cassiano da Conceição - ME,48.217.594/6474-00,MIDDLE,Proposta enviada,V006,Gabriel Rocha,2026-03-20,,,0.0,0.0,0.0,PROP NEOGRID,,2026-05-09
8CE0F2A8-8,3FFBACD2,Barbosa,58.692.322/6025-00,MIDDLE,Qualificação,V003,Carla Mendes,2025-02-22,,,0.0,0.0,0.0,PROP,,2025-04-21
96C93E72-6,FED99D3B,da Paz Fogaça S/A,83.806.578/7598-00,CORPORATE,Prospecção,V007,Helena Costa,2025-08-13,,,0.0,0.0,0.0,PROP,,2025-09-18
EB19CA98-8,033C492A,Peixoto,24.103.865/7191-00,CORPORATE,Qualificação,V007,Helena Costa,2024-07-02,,,0.0,0.0,0.0,PROP NEOGRID,,2024-07-25
6730164B-9,F8E3E9C3,Santos Castro Ltda.,92.755.719/2856-00,CORPORATE,Prospecção,V005,Fernanda Lima,2025-08-09,,,0.0,0.0,0.0,PROP NEOGRID,,2025-09-17
2E5E39F7-A,7A81C4E3,Cardoso Garcia - EI,86.805.891/1352-00,MIDDLE,Perdido,V008,Igor Nascimento,2025-10-07,2026-01-25,110.0,0.0,0.0,0.0,PROP,Sem budget,2025-11-11
9E0544DB-2,6FEED30D,Câmara,93.796.603/3419-00,MIDDLE,Prospecção,V006,Gabriel Rocha,2024-09-19,,,0.0,0.0,0.0,PROP PARCEIRO,,2024-09-27
86968C21-A,BB80B671,da Paz,58.929.750/0170-00,CORPORATE,Negociação,V007,Helena Costa,2025-11-19,,,0.0,0.0,0.0,PROP NEOGRID,,2026-01-09
B3CF59F6-E,944574C6,Barbosa,93.756.798/2507-00,CORPORATE,Prospecção,V001,Ana Paula Ferreira,2026-01-30,,,0.0,0.0,0.0,PROP PARCEIRO,,2026-02-26
3D7E95F5-B,3BD985B4,Azevedo Ltda.,22.332.061/6329-00,CORPORATE,Prospecção,V002,Bruno Carvalho,2025-04-19,,,0.0,0.0,0.0,PROP NEOGRID,,2025-06-17
5CE71CD8-1,3D311D83,Jesus Rezende S.A.,44.736.471/0276-00,MIDDLE,Proposta enviada,V006,Gabriel Rocha,2024-08-30,,,0.0,0.0,0.0,PROP,,2024-10-09
7B55661A-D,358F2450,Ribeiro S/A,95.342.836/4408-00,MIDDLE,Qualificação,V004,Diego Souza,2024-06-30,,,0.0,0.0,0.0,PROP,,2024-07-02
A3E2AE88-8,7F35200B,Vargas,02.606.474/6872-00,CORPORATE,Proposta enviada,V001,Ana Paula Ferreira,2025-04-30,,,0.0,0.0,0.0,PROP,,2025-05-05
56C19569-B,65DFF55B,Cardoso Viana - EI,86.863.375/2431-00,MIDDLE,Negociação,V006,Gabriel Rocha,2024-06-17,,,0.0,0.0,0.0,PROP PARCEIRO,,2024-06-17
C376D4D4-4,7D31C389,Marques,97.848.018/4514-00,CORPORATE,Ganho (CORPORATE),V005,Fernanda Lima,2024-10-08,2025-03-11,154.0,31107.14,144860.27,175967.41,PROP NEOGRID,,2024-10-22
0AE94639-1,0567375A,Vasconcelos Moreira - ME,81.685.054/2357-00,CORPORATE,Qualificação,V007,Helena Costa,2024-09-22,,,0.0,0.0,0.0,PROP PARCEIRO,,2024-09-28
A214DB71-E,136ABA6F,Aragão S.A.,44.472.126/4647-00,CORPORATE,Qualificação,V005,Fernanda Lima,2026-01-04,,,0.0,0.0,0.0,PROP PARCEIRO,,2026-02-25
CDFFCE32-4,E087B7FC,Rocha,47.055.169/4097-00,MIDDLE,Proposta enviada,V008,Igor Nascimento,2024-10-04,,,0.0,0.0,0.0,PROP NEOGRID,,2024-11-22
8DEE7E86-A,FE660962,Fonseca Freitas Ltda.,66.711.684/5775-00,MIDDLE,Proposta enviada,V003,Carla Mendes,2024-12-26,,,0.0,0.0,0.0,PROP PARCEIRO,,2025-02-14
0D072566-B,7E995ADB,Rocha e Filhos,14.294.019/6556-00,CORPORATE,Proposta enviada,V002,Bruno Carvalho,2025-06-14,,,0.0,0.0,0.0,PROP PARCEIRO,,2025-06-14
87045D8A-5,71168C7F,Camargo S/A,98.776.945/3147-00,MIDDLE,Prospecção,V003,Carla Mendes,2025-03-21,,,0.0,0.0,0.0,PROP,,2025-04-25
3162DBCD-F,E087B7FC,Rocha,47.055.169/4097-00,CORPORATE,Qualificação,V005,Fernanda Lima,2025-09-22,,,0.0,0.0,0.0,PROP PARCEIRO,,2025-11-04
0668A604-5,71168C7F,Camargo S/A,98.776.945/3147-00,CORPORATE,Qualificação,V002,Bruno Carvalho,2025-09-05,,,0.0,0.0,0.0,PROP,,2025-09-19
319DD3BE-6,E21D20A5,Teixeira e Filhos,68.733.950/0479-00,CORPORATE,Ganho (CORPORATE),V005,Fernanda Lima,2025-11-25,2025-12-27,32.0,13990.89,20988.26,34979.15,PROP PARCEIRO,,2025-12-26
27822B07-8,179A419C,Peixoto Garcia S.A.,96.565.234/1389-00,CORPORATE,Negociação,V001,Ana Paula Ferreira,2024-12-26,,,0.0,0.0,0.0,PROP PARCEIRO,,2025-02-19
B310D628-3,653DA870,Pires Brito e Filhos,24.041.574/7338-00,MIDDLE,Qualificação,V006,Gabriel Rocha,2025-03-22,,,0.0,0.0,0.0,PROP,,2025-04-24
B2570FE0-9,43FD42EB,Abreu S.A.,39.828.073/7416-00,MIDDLE,Qualificação,V003,Carla Mendes,2024-12-05,,,0.0,0.0,0.0,PROP,,2025-01-03
5D750CF1-7,3F824596,Moura,26.547.935/6465-00,CORPORATE,Proposta enviada,V007,Helena Costa,2025-06-14,,,0.0,0.0,0.0,PROP,,2025-07-08
35C7F0A2-8,21F9BF28,da Cruz S.A.,16.934.060/8835-00,CORPORATE,Qualificação,V005,Fernanda Lima,2025-10-24,,,0.0,0.0,0.0,PROP NEOGRID,,2025-12-02
1924B60E-7,64B10843,Pacheco Ltda.,42.199.330/8330-00,MIDDLE,Qualificação,V008,Igor Nascimento,2025-02-23,,,0.0,0.0,0.0,PROP NEOGRID,,2025-03-18
2BAFDB85-F,F40C38B0,Cassiano Novaes e Filhos,93.759.738/3206-00,MIDDLE,Prospecção,V004,Diego Souza,2024-09-25,,,0.0,0.0,0.0,PROP,,2024-11-16
12083C1C-A,634848EC,da Rosa,34.944.665/7437-00,CORPORATE,Negociação,V002,Bruno Carvalho,2024-10-12,,,0.0,0.0,0.0,PROP,,2024-12-02
3D7F9812-8,BA97B2C4,Abreu,04.709.521/4562-00,CORPORATE,Qualificação,V001,Ana Paula Ferreira,2025-11-04,,,0.0,0.0,0.0,PROP PARCEIRO,,2025-12-07
48744CA7-B,9DAB14E0,Silveira Macedo S/A,94.043.898/3640-00,MIDDLE,Negociação,V006,Gabriel Rocha,2025-08-20,,,0.0,0.0,0.0,PROP NEOGRID,,2025-08-26
3CF2BEFA-B,3F5B5AAB,Campos Costa S.A.,58.693.806/8687-00,CORPORATE,Prospecção,V005,Fernanda Lima,2025-01-01,,,0.0,0.0,0.0,PROP PARCEIRO,,2025-01-22
3DDA446C-3,0567375A,Vasconcelos Moreira - ME,81.685.054/2357-00,MIDDLE,Qualificação,V006,Gabriel Rocha,2025-05-16,,,0.0,0.0,0.0,PROP PARCEIRO,,2025-06-23
F4C1E61D-8,086BB693,Araújo Ltda.,97.881.914/8580-00,CORPORATE,Proposta enviada,V002,Bruno Carvalho,2025-07-16,,,0.0,0.0,0.0,PROP NEOGRID,,2025-09-03
D4BB4C02-5,65E68BDA,Campos,52.312.432/9212-00,MIDDLE,Ganho (MIDDLE),V008,Igor Nascimento,2024-08-13,2024-10-30,78.0,7492.53,28784.64,36277.17,PROP,,2024-09-22
1A575578-E,530D74E3,Macedo Macedo S.A.,06.403.910/6518-00,MIDDLE,Qualificação,V008,Igor Nascimento,2026-02-19,,,0.0,0.0,0.0,PROP NEOGRID,,2026-03-11
4E06D423-F,364CD2EC,Dias - ME,62.312.038/7509-00,MIDDLE,Negociação,V008,Igor Nascimento,2025-07-30,,,0.0,0.0,0.0,PROP NEOGRID,,2025-09-15
1D946A90-E,D37CC67F,Pastor Cunha S.A.,69.033.119/0790-00,MIDDLE,Qualificação,V004,Diego Souza,2026-04-10,,,0.0,0.0,0.0,PROP NEOGRID,,2026-06-09
8E21B5A6-C,BA97B2C4,Abreu,04.709.521/4562-00,CORPORATE,Prospecção,V007,Helena Costa,2026-01-18,,,0.0,0.0,0.0,PROP NEOGRID,,2026-02-22
0777431D-F,E07C1996,Sousa S.A.,11.526.218/1599-00,CORPORATE,Prospecção,V007,Helena Costa,2024-11-13,,,0.0,0.0,0.0,PROP NEOGRID,,2024-12-22
30CE0030-B,93E2E7C6,Brito,30.756.220/8635-00,CORPORATE,Prospecção,V007,Helena Costa,2025-06-21,,,0.0,0.0,0.0,PROP NEOGRID,,2025-07-31
5D74814C-3,26BD4132,Novaes,45.961.586/5780-00,CORPORATE,Prospecção,V002,Bruno Carvalho,2026-04-04,,,0.0,0.0,0.0,PROP NEOGRID,,2026-05-29
31F82663-3,D37CC67F,Pastor Cunha S.A.,69.033.119/0790-00,MIDDLE,Qualificação,V006,Gabriel Rocha,2024-10-19,,,0.0,0.0,0.0,PROP PARCEIRO,,2024-11-22
473A56B0-1,4283A2A1,Moura,01.938.026/2067-00,CORPORATE,Proposta enviada,V007,Helena Costa,2024-07-26,,,0.0,0.0,0.0,PROP NEOGRID,,2024-08-28
FF1152BD-6,32FECDEB,Guerra,63.834.657/8713-00,MIDDLE,Ganho (MIDDLE),V008,Igor Nascimento,2024-10-28,2024-12-30,63.0,12265.91,14372.09,26638.0,PROP NEOGRID,,2024-11-23
25E13EC4-4,9232070A,Moreira,88.880.670/6540-00,MIDDLE,Prospecção,V003,Carla Mendes,2026-05-03,,,0.0,0.0,0.0,PROP,,2026-05-25
09A76E31-D,44E554CB,Rocha Silveira e Filhos,87.431.527/4205-00,MIDDLE,Qualificação,V003,Carla Mendes,2024-12-16,,,0.0,0.0,0.0,PROP,,2025-02-03
EF6A2942-2,A672989C,Souza,18.347.382/9973-00,MIDDLE,Negociação,V004,Diego Souza,2026-04-26,,,0.0,0.0,0.0,PROP PARCEIRO,,2026-05-23
B84E4FC9-8,530D74E3,Macedo Macedo S.A.,06.403.910/6518-00,MIDDLE,Prospecção,V008,Igor Nascimento,2025-04-11,,,0.0,0.0,0.0,PROP PARCEIRO,,2025-04-26
575C85C1-D,BFAA86F5,da Mata,16.453.521/8188-00,MIDDLE,Prospecção,V006,Gabriel Rocha,2025-03-07,,,0.0,0.0,0.0,PROP,,2025-03-25
D61C2507-F,06DCB309,Silva Casa Grande Ltda.,61.990.623/4456-00,CORPORATE,Proposta enviada,V007,Helena Costa,2025-07-29,,,0.0,0.0,0.0,PROP NEOGRID,,2025-07-30
918C3FE7-8,CA607380,Ramos,20.643.611/0371-00,CORPORATE,Prospecção,V001,Ana Paula Ferreira,2025-10-25,,,0.0,0.0,0.0,PROP,,2025-12-09
DDEEFCAA-E,D0C05227,das Neves,84.270.103/9308-00,MIDDLE,Negociação,V004,Diego Souza,2026-01-31,,,0.0,0.0,0.0,PROP NEOGRID,,2026-02-26
3EDA44E6-7,85FA5A07,Camargo Martins S/A,43.102.786/8144-00,MIDDLE,Negociação,V008,Igor Nascimento,2025-04-18,,,0.0,0.0,0.0,PROP NEOGRID,,2025-04-23
1506249E-6,98F57D6E,Cassiano,46.786.691/2517-00,CORPORATE,Prospecção,V007,Helena Costa,2026-02-19,,,0.0,0.0,0.0,PROP NEOGRID,,2026-04-12
D29E932B-2,B423A580,Mendonça Cunha Ltda.,91.022.901/4767-00,MIDDLE,Ganho (MIDDLE),V003,Carla Mendes,2025-08-22,2025-12-03,103.0,11797.15,14402.91,26200.06,PROP PARCEIRO,,2025-08-24
58AF4755-3,5EB47A29,Pimenta,58.514.936/8998-00,CORPORATE,Qualificação,V001,Ana Paula Ferreira,2024-11-16,,,0.0,0.0,0.0,PROP NEOGRID,,2024-12-29
77F00442-2,F1C53C0E,Silveira Jesus - ME,03.690.034/3244-00,MIDDLE,Perdido,V004,Diego Souza,2024-07-28,2024-08-12,15.0,0.0,0.0,0.0,PROP,Sem budget,2024-08-27
FDDF2DE8-A,BFAA86F5,da Mata,16.453.521/8188-00,MIDDLE,Prospecção,V003,Carla Mendes,2024-06-20,,,0.0,0.0,0.0,PROP PARCEIRO,,2024-07-17
A9BD8C90-9,55D5913C,Sá S/A,97.278.755/8867-00,MIDDLE,Prospecção,V006,Gabriel Rocha,2024-09-12,,,0.0,0.0,0.0,PROP,,2024-09-14
55916FA0-C,87F094D1,Nunes,34.578.610/3579-00,MIDDLE,Proposta enviada,V004,Diego Souza,2025-04-18,,,0.0,0.0,0.0,PROP NEOGRID,,2025-04-23
D310148D-C,31A3B43B,Dias S.A.,09.652.074/4666-00,MIDDLE,Perdido,V003,Carla Mendes,2026-03-03,2026-06-07,96.0,0.0,0.0,0.0,PROP,Escolheu concorrente,2026-04-03
27FB3A40-A,7E995ADB,Rocha e Filhos,14.294.019/6556-00,CORPORATE,Qualificação,V005,Fernanda Lima,2025-02-08,,,0.0,0.0,0.0,PROP NEOGRID,,2025-03-02
D1EC65D4-D,292D3B5B,Porto,99.309.728/9623-00,CORPORATE,Prospecção,V001,Ana Paula Ferreira,2024-12-23,,,0.0,0.0,0.0,PROP PARCEIRO,,2025-02-05
24167BA0-4,8D725814,Moura,28.733.427/0866-00,MIDDLE,Prospecção,V004,Diego Souza,2024-10-24,,,0.0,0.0,0.0,PROP NEOGRID,,2024-12-18
B21C7898-8,9B5D5E36,Teixeira e Filhos,46.095.396/2185-00,CORPORATE,Prospecção,V002,Bruno Carvalho,2025-01-28,,,0.0,0.0,0.0,PROP NEOGRID,,2025-02-26
F677E548-4,5D989E38,da Mota,85.156.915/4522-00,CORPORATE,Negociação,V007,Helena Costa,2025-10-26,,,0.0,0.0,0.0,PROP NEOGRID,,2025-12-14
5CAE6B10-F,71090C6E,Lopes Machado S.A.,52.287.280/8010-00,CORPORATE,Qualificação,V001,Ana Paula Ferreira,2024-06-28,,,0.0,0.0,0.0,PROP,,2024-07-31
8393E254-B,65DFF55B,Cardoso Viana - EI,86.863.375/2431-00,MIDDLE,Negociação,V004,Diego Souza,2024-08-14,,,0.0,0.0,0.0,PROP NEOGRID,,2024-08-21
5BDCD1E0-B,8DA571B6,Pinto Marques e Filhos,77.514.010/5123-00,CORPORATE,Proposta enviada,V001,Ana Paula Ferreira,2026-03-20,,,0.0,0.0,0.0,PROP,,2026-04-01
6FCC3FFB-0,E9C14CE5,Martins e Filhos,15.220.472/7790-00,CORPORATE,Qualificação,V001,Ana Paula Ferreira,2026-04-01,,,0.0,0.0,0.0,PROP PARCEIRO,,2026-05-02
AF15BD4F-5,6B9DBA05,Rezende,79.855.241/4060-00,MIDDLE,Prospecção,V004,Diego Souza,2024-08-21,,,0.0,0.0,0.0,PROP,,2024-10-01
0CB5E14F-A,05976912,Silva Fernandes S.A.,12.419.049/6631-00,MIDDLE,Perdido,V003,Carla Mendes,2025-01-09,2025-06-26,168.0,0.0,0.0,0.0,PROP NEOGRID,Sem budget,2025-02-28
B6D77A81-4,292D3B5B,Porto,99.309.728/9623-00,CORPORATE,Ganho (CORPORATE),V005,Fernanda Lima,2024-11-08,2024-11-23,15.0,60072.53,126823.91,186896.44,PROP,,2025-01-07
DA9F7F5B-1,5A3233A0,Martins Porto Ltda.,95.269.495/8887-00,CORPORATE,Perdido,V001,Ana Paula Ferreira,2026-01-20,2026-03-25,64.0,0.0,0.0,0.0,PROP PARCEIRO,Escolheu concorrente,2026-02-25
2D58C4C9-9,D2457A9D,Oliveira e Filhos,05.151.864/4925-00,CORPORATE,Proposta enviada,V007,Helena Costa,2026-01-15,,,0.0,0.0,0.0,PROP PARCEIRO,,2026-02-13
29D92826-7,11361C9B,Nogueira da Rocha Ltda.,23.955.905/9929-00,MIDDLE,Ganho (MIDDLE),V004,Diego Souza,2025-10-31,2026-03-25,145.0,6621.8,11450.36,18072.16,PROP,,2025-12-04
D6D4C6F5-5,086BB693,Araújo Ltda.,97.881.914/8580-00,MIDDLE,Perdido,V006,Gabriel Rocha,2024-10-17,2025-01-13,88.0,0.0,0.0,0.0,PROP PARCEIRO,Projeto cancelado,2024-12-08
72DFEA4D-3,4E0DFAFD,Alves,99.650.477/3586-00,MIDDLE,Proposta enviada,V004,Diego Souza,2025-04-14,,,0.0,0.0,0.0,PROP NEOGRID,,2025-05-07
41022E26-C,04A407CE,Cavalcanti,44.905.814/7700-00,MIDDLE,Qualificação,V008,Igor Nascimento,2026-05-03,,,0.0,0.0,0.0,PROP PARCEIRO,,2026-05-04
A2E5FA66-F,C19F0F05,Guerra Campos - EI,34.714.345/5812-00,CORPORATE,Perdido,V005,Fernanda Lima,2026-04-27,2026-07-17,81.0,0.0,0.0,0.0,PROP NEOGRID,Preço alto,2026-06-15
F2072B7C-B,4212287E,Fonseca,75.289.539/2644-00,MIDDLE,Ganho (MIDDLE),V004,Diego Souza,2026-01-27,2026-02-10,14.0,7445.18,6371.0,13816.18,PROP NEOGRID,,2026-02-19
EFC8F7E4-7,8EA0B8E0,Novaes,49.027.874/2967-00,CORPORATE,Prospecção,V005,Fernanda Lima,2026-01-29,,,0.0,0.0,0.0,PROP,,2026-03-16
A4A1B997-D,7A81C4E3,Cardoso Garcia - EI,86.805.891/1352-00,CORPORATE,Negociação,V007,Helena Costa,2025-11-07,,,0.0,0.0,0.0,PROP PARCEIRO,,2025-12-13
D82E0A86-B,B50791E2,Souza - EI,78.886.101/5819-00,CORPORATE,Proposta enviada,V005,Fernanda Lima,2026-03-26,,,0.0,0.0,0.0,PROP,,2026-05-14
D052B707-9,B4F9271B,Leão,27.484.677/3782-00,CORPORATE,Perdido,V005,Fernanda Lima,2025-05-12,2025-09-05,116.0,0.0,0.0,0.0,PROP,Sem retorno,2025-07-10
F8FAA700-4,6141C60B,da Cruz e Filhos,04.223.253/6729-00,CORPORATE,Proposta enviada,V007,Helena Costa,2026-03-09,,,0.0,0.0,0.0,PROP PARCEIRO,,2026-04-14
7DD35BD5-E,0A9DCD56,Sá,34.316.117/2400-00,CORPORATE,Qualificação,V002,Bruno Carvalho,2025-11-28,,,0.0,0.0,0.0,PROP NEOGRID,,2025-12-26
CEA5A3A1-1,E9FA9418,Brito,00.109.439/6907-00,CORPORATE,Prospecção,V005,Fernanda Lima,2025-03-26,,,0.0,0.0,0.0,PROP NEOGRID,,2025-05-01
7AC7ACA2-F,98F57D6E,Cassiano,46.786.691/2517-00,CORPORATE,Proposta enviada,V005,Fernanda Lima,2026-02-05,,,0.0,0.0,0.0,PROP PARCEIRO,,2026-02-13
66A037C9-F,35EF0143,Vasconcelos,06.296.201/5336-00,CORPORATE,Qualificação,V002,Bruno Carvalho,2024-12-20,,,0.0,0.0,0.0,PROP PARCEIRO,,2025-01-28
078C9258-0,32FECDEB,Guerra,63.834.657/8713-00,CORPORATE,Prospecção,V005,Fernanda Lima,2025-02-17,,,0.0,0.0,0.0,PROP,,2025-02-24
D065D9A8-6,D19998B0,Pereira,69.711.798/0893-00,MIDDLE,Qualificação,V006,Gabriel Rocha,2025-10-20,,,0.0,0.0,0.0,PROP,,2025-12-08
60A765AD-2,15D2C1B6,Montenegro,93.618.324/2102-00,MIDDLE,Prospecção,V006,Gabriel Rocha,2024-08-10,,,0.0,0.0,0.0,PROP PARCEIRO,,2024-08-19
551CE720-8,8DA571B6,Pinto Marques e Filhos,77.514.010/5123-00,MIDDLE,Prospecção,V004,Diego Souza,2025-10-11,,,0.0,0.0,0.0,PROP PARCEIRO,,2025-12-04
B298291D-5,FE660962,Fonseca Freitas Ltda.,66.711.684/5775-00,CORPORATE,Prospecção,V001,Ana Paula Ferreira,2025-08-28,,,0.0,0.0,0.0,PROP NEOGRID,,2025-08-28
231158AD-A,1036BC4F,Machado - ME,61.622.999/1191-00,MIDDLE,Proposta enviada,V003,Carla Mendes,2025-06-25,,,0.0,0.0,0.0,PROP,,2025-08-11
9DAE03B5-1,84D3FBF9,Rios,89.517.187/0262-00,CORPORATE,Prospecção,V005,Fernanda Lima,2024-10-19,,,0.0,0.0,0.0,PROP,,2024-12-02
30F17874-C,3BE386AF,Marques - EI,89.373.467/0656-00,CORPORATE,Qualificação,V001,Ana Paula Ferreira,2025-08-15,,,0.0,0.0,0.0,PROP PARCEIRO,,2025-09-23
57B58A5A-6,E252C667,Pires,45.562.386/9222-00,MIDDLE,Prospecção,V003,Carla Mendes,2026-02-24,,,0.0,0.0,0.0,PROP PARCEIRO,,2026-03-19
35A9E211-5,7D7C275E,Porto,81.219.136/1939-00,CORPORATE,Prospecção,V007,Helena Costa,2025-09-09,,,0.0,0.0,0.0,PROP PARCEIRO,,2025-09-15
9225A788-0,1F7D8ED3,Alves,74.801.624/5650-00,MIDDLE,Qualificação,V003,Carla Mendes,2025-10-25,,,0.0,0.0,0.0,PROP PARCEIRO,,2025-12-23
981D6D33-4,3D311D83,Jesus Rezende S.A.,44.736.471/0276-00,CORPORATE,Prospecção,V005,Fernanda Lima,2025-05-27,,,0.0,0.0,0.0,PROP,,2025-06-18
E957BC2C-A,09B6FB30,Porto - ME,31.491.905/8651-00,MIDDLE,Qualificação,V006,Gabriel Rocha,2025-09-04,,,0.0,0.0,0.0,PROP NEOGRID,,2025-10-25
95659AF2-F,64B10843,Pacheco Ltda.,42.199.330/8330-00,CORPORATE,Proposta enviada,V007,Helena Costa,2026-04-03,,,0.0,0.0,0.0,PROP,,2026-04-12
E8B17B4B-4,E385EF60,Araújo da Costa - EI,47.510.799/1183-00,MIDDLE,Ganho (MIDDLE),V004,Diego Souza,2026-02-03,2026-05-16,102.0,8290.05,20983.86,29273.91,PROP PARCEIRO,,2026-03-18
A90E512F-5,D1DFBA49,Gomes Marques Ltda.,83.982.258/7139-00,CORPORATE,Qualificação,V002,Bruno Carvalho,2025-02-21,,,0.0,0.0,0.0,PROP NEOGRID,,2025-03-21
C1508BAA-0,F1BAE541,Fernandes Vargas - ME,11.554.262/2189-00,CORPORATE,Prospecção,V002,Bruno Carvalho,2024-09-16,,,0.0,0.0,0.0,PROP,,2024-10-05
FFAA7EA0-1,93544373,Câmara Azevedo Ltda.,42.786.801/1280-00,CORPORATE,Qualificação,V002,Bruno Carvalho,2024-07-01,,,0.0,0.0,0.0,PROP NEOGRID,,2024-07-05
61F7EA19-2,1171D2F8,Silva,84.982.544/9481-00,CORPORATE,Prospecção,V002,Bruno Carvalho,2026-04-03,,,0.0,0.0,0.0,PROP NEOGRID,,2026-04-29
D2AC6ED0-B,3993A10A,Rios Caldeira Ltda.,94.808.313/6783-00,MIDDLE,Qualificação,V006,Gabriel Rocha,2025-11-29,,,0.0,0.0,0.0,PROP,,2025-11-30
AAD08170-D,865AC4FF,Câmara,94.078.161/8495-00,MIDDLE,Proposta enviada,V004,Diego Souza,2024-08-31,,,0.0,0.0,0.0,PROP NEOGRID,,2024-09-05
80BECF39-2,C19F0F05,Guerra Campos - EI,34.714.345/5812-00,MIDDLE,Prospecção,V008,Igor Nascimento,2024-07-07,,,0.0,0.0,0.0,PROP NEOGRID,,2024-08-06
5BB514DE-3,BBA4CF15,Santos,60.494.519/8327-00,CORPORATE,Prospecção,V002,Bruno Carvalho,2026-03-31,,,0.0,0.0,0.0,PROP NEOGRID,,2026-05-30
4837EF94-3,65C21445,Abreu,30.980.500/9788-00,MIDDLE,Prospecção,V004,Diego Souza,2025-10-06,,,0.0,0.0,0.0,PROP NEOGRID,,2025-11-30
F9226B16-E,E9C14CE5,Martins e Filhos,15.220.472/7790-00,MIDDLE,Proposta enviada,V008,Igor Nascimento,2025-08-24,,,0.0,0.0,0.0,PROP PARCEIRO,,2025-10-10
B2640D7F-7,F1DD5D76,Caldeira,08.470.076/6177-00,MIDDLE,Negociação,V008,Igor Nascimento,2024-08-15,,,0.0,0.0,0.0,PROP PARCEIRO,,2024-09-17
4778D27B-F,CDABD7E0,Gomes - ME,75.618.537/4741-00,CORPORATE,Proposta enviada,V007,Helena Costa,2025-01-21,,,0.0,0.0,0.0,PROP,,2025-02-23
0F97E36E-B,E385EF60,Araújo da Costa - EI,47.510.799/1183-00,MIDDLE,Perdido,V003,Carla Mendes,2024-10-09,2025-01-21,104.0,0.0,0.0,0.0,PROP,Escolheu concorrente,2024-10-27
2E31E708-E,3E9184C1,Cavalcanti e Filhos,34.125.286/6929-00,MIDDLE,Qualificação,V006,Gabriel Rocha,2025-07-15,,,0.0,0.0,0.0,PROP PARCEIRO,,2025-09-11
3D2851DB-3,545F1A7C,Borges - ME,34.192.832/7648-00,CORPORATE,Proposta enviada,V002,Bruno Carvalho,2025-01-14,,,0.0,0.0,0.0,PROP PARCEIRO,,2025-02-15
6050EC82-6,C19F0F05,Guerra Campos - EI,34.714.345/5812-00,CORPORATE,Prospecção,V002,Bruno Carvalho,2025-03-27,,,0.0,0.0,0.0,PROP,,2025-04-25
3A622FC6-D,A018E4DD,Machado,20.275.884/2524-00,CORPORATE,Ganho (CORPORATE),V001,Ana Paula Ferreira,2025-08-20,2025-11-15,87.0,56878.81,137002.74,193881.55,PROP,,2025-10-04
BDEF0CE7-1,9641BB51,Cavalcante,99.606.530/7450-00,CORPORATE,Prospecção,V007,Helena Costa,2024-07-23,,,0.0,0.0,0.0,PROP NEOGRID,,2024-09-07
30D7ED76-C,AD09D08B,Lopes,99.938.677/4964-00,CORPORATE,Qualificação,V007,Helena Costa,2026-03-20,,,0.0,0.0,0.0,PROP PARCEIRO,,2026-05-14
0EC2450F-E,51FAAFB8,Montenegro Pereira S/A,26.542.351/1615-00,CORPORATE,Prospecção,V002,Bruno Carvalho,2025-11-01,,,0.0,0.0,0.0,PROP NEOGRID,,2025-11-20
9FAAD765-2,BB18AD55,Nunes,91.216.558/5239-00,MIDDLE,Prospecção,V004,Diego Souza,2026-01-03,,,0.0,0.0,0.0,PROP,,2026-02-11
A9E036EA-0,1171D2F8,Silva,84.982.544/9481-00,MIDDLE,Prospecção,V008,Igor Nascimento,2024-12-09,,,0.0,0.0,0.0,PROP NEOGRID,,2024-12-24
46E56761-E,D8CC5EEA,Castro,70.477.434/9021-00,CORPORATE,Proposta enviada,V007,Helena Costa,2025-01-24,,,0.0,0.0,0.0,PROP PARCEIRO,,2025-01-24
30BAC319-9,2A321913,Ferreira,59.325.250/0292-00,CORPORATE,Ganho (CORPORATE),V005,Fernanda Lima,2024-08-07,2025-01-19,165.0,46816.15,125535.35,172351.5,PROP,,2024-08-18
783D94D0-C,0A5A4D0E,Silveira,77.997.995/5271-00,CORPORATE,Prospecção,V005,Fernanda Lima,2026-03-27,,,0.0,0.0,0.0,PROP PARCEIRO,,2026-05-19
0D39FAE8-D,3E962DCB,Brito Aragão Ltda.,99.353.875/8428-00,MIDDLE,Qualificação,V003,Carla Mendes,2026-03-14,,,0.0,0.0,0.0,PROP,,2026-04-26
1565B795-B,D2457A9D,Oliveira e Filhos,05.151.864/4925-00,MIDDLE,Proposta enviada,V004,Diego Souza,2025-01-22,,,0.0,0.0,0.0,PROP,,2025-01-27
DD4408C9-6,CF86BBC8,Cardoso,72.980.699/0162-00,MIDDLE,Qualificação,V008,Igor Nascimento,2026-02-23,,,0.0,0.0,0.0,PROP,,2026-03-13
8132EEFB-E,DAB7368B,da Rocha S/A,27.532.697/3112-00,MIDDLE,Prospecção,V006,Gabriel Rocha,2025-05-31,,,0.0,0.0,0.0,PROP PARCEIRO,,2025-06-13
563C8109-3,C8CD2C82,Nogueira Cardoso e Filhos,34.216.073/3754-00,CORPORATE,Prospecção,V001,Ana Paula Ferreira,2024-12-24,,,0.0,0.0,0.0,PROP PARCEIRO,,2025-01-11
B37A10F1-A,F1DD5D76,Caldeira,08.470.076/6177-00,MIDDLE,Proposta enviada,V006,Gabriel Rocha,2025-08-11,,,0.0,0.0,0.0,PROP NEOGRID,,2025-10-09
59978091-5,26BD4132,Novaes,45.961.586/5780-00,CORPORATE,Proposta enviada,V007,Helena Costa,2024-11-17,,,0.0,0.0,0.0,PROP,,2025-01-12
EDB3103E-5,9B5D5E36,Teixeira e Filhos,46.095.396/2185-00,CORPORATE,Negociação,V002,Bruno Carvalho,2026-05-02,,,0.0,0.0,0.0,PROP,,2026-06-18
181F7C26-B,18B11F1A,Câmara,37.575.844/1986-00,CORPORATE,Negociação,V007,Helena Costa,2025-03-06,,,0.0,0.0,0.0,PROP PARCEIRO,,2025-03-19
31AD90E6-0,6141C60B,da Cruz e Filhos,04.223.253/6729-00,CORPORATE,Proposta enviada,V005,Fernanda Lima,2025-08-16,,,0.0,0.0,0.0,PROP PARCEIRO,,2025-09-20
6C08AF17-C,5D8AAD64,Dias,37.147.321/0469-00,MIDDLE,Negociação,V003,Carla Mendes,2025-05-27,,,0.0,0.0,0.0,PROP PARCEIRO,,2025-05-28
3DB81F7E-2,35EF0143,Vasconcelos,06.296.201/5336-00,CORPORATE,Prospecção,V005,Fernanda Lima,2024-06-14,,,0.0,0.0,0.0,PROP,,2024-07-25
2EF5935E-4,15E4AE09,Cirino,59.514.846/5648-00,CORPORATE,Qualificação,V007,Helena Costa,2024-10-31,,,0.0,0.0,0.0,PROP NEOGRID,,2024-12-29
1CC2CE02-6,82B4894F,Montenegro,72.190.340/4384-00,CORPORATE,Ganho (CORPORATE),V005,Fernanda Lima,2024-10-02,2025-03-29,178.0,28662.71,85023.97,113686.68,PROP,,2024-11-07
A926F8FD-C,A81F0506,Machado,07.622.683/8851-00,MIDDLE,Negociação,V006,Gabriel Rocha,2026-02-25,,,0.0,0.0,0.0,PROP,,2026-03-18
3B50A5EC-5,2F855BA7,Duarte Pereira - ME,33.959.629/2330-00,MIDDLE,Proposta enviada,V004,Diego Souza,2024-09-26,,,0.0,0.0,0.0,PROP,,2024-11-20
47E37039-0,258375C9,Ribeiro S.A.,82.512.868/2300-00,MIDDLE,Negociação,V006,Gabriel Rocha,2026-04-01,,,0.0,0.0,0.0,PROP,,2026-04-24
CC594F0E-D,97D23122,Ferreira,96.194.311/4262-00,MIDDLE,Ganho (MIDDLE),V006,Gabriel Rocha,2025-09-24,2026-02-10,139.0,5232.46,5142.48,10374.94,PROP,,2025-11-12
64245C9A-9,6291F3E1,Caldeira,80.339.740/1489-00,CORPORATE,Ganho (CORPORATE),V007,Helena Costa,2024-12-01,2024-12-12,11.0,64926.9,136693.81,201620.71,PROP,,2024-12-13
0C3159FA-9,E9D19EFB,Sales,84.443.106/9872-00,MIDDLE,Perdido,V006,Gabriel Rocha,2025-06-02,2025-07-13,41.0,0.0,0.0,0.0,PROP PARCEIRO,Escolheu concorrente,2025-06-15
1ED8DDC6-B,A7659693,Melo - ME,50.723.688/7676-00,CORPORATE,Qualificação,V001,Ana Paula Ferreira,2026-04-29,,,0.0,0.0,0.0,PROP PARCEIRO,,2026-06-23
D07EB4AC-E,4E9414EC,Peixoto Ltda.,91.699.854/3534-00,CORPORATE,Qualificação,V001,Ana Paula Ferreira,2026-01-18,,,0.0,0.0,0.0,PROP NEOGRID,,2026-01-19
D5667691-9,2A321913,Ferreira,59.325.250/0292-00,MIDDLE,Proposta enviada,V004,Diego Souza,2025-06-09,,,0.0,0.0,0.0,PROP PARCEIRO,,2025-06-29
1EFC17E6-D,B05CCE3F,Fonseca,51.355.215/7043-00,MIDDLE,Proposta enviada,V006,Gabriel Rocha,2025-12-02,,,0.0,0.0,0.0,PROP PARCEIRO,,2026-01-06
BEF6C21F-0,04A407CE,Cavalcanti,44.905.814/7700-00,CORPORATE,Prospecção,V005,Fernanda Lima,2024-10-18,,,0.0,0.0,0.0,PROP PARCEIRO,,2024-12-08
F64E6F3C-4,747C5FE6,Sampaio,33.272.795/6878-00,MIDDLE,Proposta enviada,V004,Diego Souza,2026-02-20,,,0.0,0.0,0.0,PROP PARCEIRO,,2026-03-20
FD35AB3D-F,A63232B5,Pires,67.242.388/4969-00,CORPORATE,Prospecção,V007,Helena Costa,2024-06-11,,,0.0,0.0,0.0,PROP,,2024-07-08
6D4B2128-D,6291F3E1,Caldeira,80.339.740/1489-00,MIDDLE,Prospecção,V008,Igor Nascimento,2024-08-10,,,0.0,0.0,0.0,PROP,,2024-09-24
6F15E6DD-4,98F57D6E,Cassiano,46.786.691/2517-00,CORPORATE,Perdido,V007,Helena Costa,2024-09-29,2024-11-06,38.0,0.0,0.0,0.0,PROP PARCEIRO,Projeto cancelado,2024-10-05
50645431-A,944574C6,Barbosa,93.756.798/2507-00,MIDDLE,Qualificação,V008,Igor Nascimento,2025-01-07,,,0.0,0.0,0.0,PROP PARCEIRO,,2025-01-23
24B5FDCC-8,E5B82B59,da Costa,69.379.237/4740-00,MIDDLE,Qualificação,V006,Gabriel Rocha,2025-06-05,,,0.0,0.0,0.0,PROP NEOGRID,,2025-06-12
D446967E-0,D1202414,Gomes Correia - EI,55.188.442/2583-00,MIDDLE,Qualificação,V004,Diego Souza,2025-07-18,,,0.0,0.0,0.0,PROP,,2025-08-19
72D989D1-8,8EA0B8E0,Novaes,49.027.874/2967-00,CORPORATE,Qualificação,V001,Ana Paula Ferreira,2025-06-04,,,0.0,0.0,0.0,PROP NEOGRID,,2025-07-08
E8279DD4-9,E9C14CE5,Martins e Filhos,15.220.472/7790-00,MIDDLE,Qualificação,V008,Igor Nascimento,2025-09-01,,,0.0,0.0,0.0,PROP NEOGRID,,2025-09-25
B9DBD131-2,B055FECC,Leão e Filhos,62.316.658/7603-00,CORPORATE,Qualificação,V007,Helena Costa,2025-02-12,,,0.0,0.0,0.0,PROP PARCEIRO,,2025-02-27
7675D61A-2,136ABA6F,Aragão S.A.,44.472.126/4647-00,CORPORATE,Proposta enviada,V001,Ana Paula Ferreira,2024-09-23,,,0.0,0.0,0.0,PROP PARCEIRO,,2024-10-22
CEBDA31A-2,B0234779,Silva - EI,03.161.799/0421-00,MIDDLE,Proposta enviada,V008,Igor Nascimento,2025-11-04,,,0.0,0.0,0.0,PROP PARCEIRO,,2025-11-10
873ACC93-3,5B5E0A94,Martins,78.361.340/7451-00,MIDDLE,Qualificação,V003,Carla Mendes,2026-01-31,,,0.0,0.0,0.0,PROP PARCEIRO,,2026-03-29
551BE103-1,098791C8,Guerra,42.059.304/0785-00,CORPORATE,Negociação,V002,Bruno Carvalho,2025-01-25,,,0.0,0.0,0.0,PROP PARCEIRO,,2025-02-22
5EEF0733-6,796C49CA,Ribeiro,49.818.299/2299-00,CORPORATE,Prospecção,V005,Fernanda Lima,2025-07-01,,,0.0,0.0,0.0,PROP NEOGRID,,2025-08-28
B0D21A0C-5,7F35200B,Vargas,02.606.474/6872-00,MIDDLE,Negociação,V006,Gabriel Rocha,2026-02-01,,,0.0,0.0,0.0,PROP PARCEIRO,,2026-02-26
162B038B-6,E07C1996,Sousa S.A.,11.526.218/1599-00,CORPORATE,Ganho (CORPORATE),V001,Ana Paula Ferreira,2025-04-20,2025-09-12,145.0,77592.46,10118.06,87710.52,PROP PARCEIRO,,2025-06-11
AB9064C1-B,CC0D7F59,Ribeiro S.A.,32.871.012/2691-00,MIDDLE,Prospecção,V006,Gabriel Rocha,2026-04-02,,,0.0,0.0,0.0,PROP NEOGRID,,2026-05-12
D8DE33E8-1,E5B82B59,da Costa,69.379.237/4740-00,MIDDLE,Negociação,V008,Igor Nascimento,2025-04-08,,,0.0,0.0,0.0,PROP,,2025-05-08
079BCD61-F,D1202414,Gomes Correia - EI,55.188.442/2583-00,CORPORATE,Prospecção,V007,Helena Costa,2025-04-30,,,0.0,0.0,0.0,PROP PARCEIRO,,2025-05-08
DEFF3A10-A,F1DD5D76,Caldeira,08.470.076/6177-00,CORPORATE,Prospecção,V001,Ana Paula Ferreira,2025-12-07,,,0.0,0.0,0.0,PROP NEOGRID,,2025-12-15
882A834C-D,AD09D08B,Lopes,99.938.677/4964-00,CORPORATE,Prospecção,V007,Helena Costa,2025-01-22,,,0.0,0.0,0.0,PROP NEOGRID,,2025-03-02
56C85E63-E,6FD00BCC,Aragão,39.636.057/6627-00,CORPORATE,Qualificação,V007,Helena Costa,2024-10-15,,,0.0,0.0,0.0,PROP,,2024-10-26
50C1936B-E,51AA03AD,Oliveira,17.248.251/3534-00,MIDDLE,Proposta enviada,V008,Igor Nascimento,2025-09-03,,,0.0,0.0,0.0,PROP PARCEIRO,,2025-10-09
8F7FF43C-9,A9C1B795,Casa Grande Alves S/A,93.248.086/1317-00,MIDDLE,Prospecção,V003,Carla Mendes,2024-09-29,,,0.0,0.0,0.0,PROP PARCEIRO,,2024-10-29
C5F78541-3,1F7D8ED3,Alves,74.801.624/5650-00,CORPORATE,Prospecção,V005,Fernanda Lima,2025-01-12,,,0.0,0.0,0.0,PROP PARCEIRO,,2025-01-17
D9835883-0,87762197,Vasconcelos,26.343.517/5183-00,CORPORATE,Qualificação,V001,Ana Paula Ferreira,2024-06-02,,,0.0,0.0,0.0,PROP NEOGRID,,2024-07-11
07E6DC06-1,292D3B5B,Porto,99.309.728/9623-00,CORPORATE,Ganho (CORPORATE),V001,Ana Paula Ferreira,2025-01-08,2025-05-09,121.0,43449.73,75692.53,119142.26,PROP PARCEIRO,,2025-01-29
45B433F1-F,796C49CA,Ribeiro,49.818.299/2299-00,MIDDLE,Qualificação,V006,Gabriel Rocha,2025-07-11,,,0.0,0.0,0.0,PROP PARCEIRO,,2025-08-27
DD52F351-7,7E995ADB,Rocha e Filhos,14.294.019/6556-00,MIDDLE,Negociação,V006,Gabriel Rocha,2026-03-02,,,0.0,0.0,0.0,PROP PARCEIRO,,2026-03-05
29893D26-C,E14A779C,Pinto,75.705.964/0165-00,MIDDLE,Negociação,V003,Carla Mendes,2025-07-14,,,0.0,0.0,0.0,PROP,,2025-09-06
9386FDA0-C,17E69911,Gomes Mendes S/A,13.075.626/3689-00,MIDDLE,Prospecção,V006,Gabriel Rocha,2025-07-26,,,0.0,0.0,0.0,PROP,,2025-09-02
2668F5B9-E,9B5D5E36,Teixeira e Filhos,46.095.396/2185-00,CORPORATE,Ganho (CORPORATE),V002,Bruno Carvalho,2024-06-28,2024-10-25,119.0,32732.51,34555.91,67288.42,PROP PARCEIRO,,2024-07-13
B002217C-6,0A9DCD56,Sá,34.316.117/2400-00,MIDDLE,Prospecção,V003,Carla Mendes,2025-05-17,,,0.0,0.0,0.0,PROP PARCEIRO,,2025-07-15
8F09526C-E,1F7D8ED3,Alves,74.801.624/5650-00,CORPORATE,Ganho (CORPORATE),V007,Helena Costa,2025-04-06,2025-06-10,65.0,54550.05,111639.87,166189.92,PROP,,2025-04-19
32597B01-D,B06D7BA2,da Mata Castro e Filhos,56.855.744/4313-00,MIDDLE,Prospecção,V006,Gabriel Rocha,2026-01-05,,,0.0,0.0,0.0,PROP NEOGRID,,2026-01-24
F85D299F-1,9641BB51,Cavalcante,99.606.530/7450-00,MIDDLE,Negociação,V004,Diego Souza,2025-04-10,,,0.0,0.0,0.0,PROP NEOGRID,,2025-04-19
F2CDF272-0,6291F3E1,Caldeira,80.339.740/1489-00,MIDDLE,Prospecção,V008,Igor Nascimento,2025-04-07,,,0.0,0.0,0.0,PROP PARCEIRO,,2025-04-09
97648F0E-B,D19998B0,Pereira,69.711.798/0893-00,CORPORATE,Ganho (CORPORATE),V005,Fernanda Lima,2025-02-15,2025-07-26,161.0,73853.15,130169.79,204022.94,PROP NEOGRID,,2025-03-04
2BE89E87-0,44E554CB,Rocha Silveira e Filhos,87.431.527/4205-00,MIDDLE,Negociação,V006,Gabriel Rocha,2024-07-02,,,0.0,0.0,0.0,PROP PARCEIRO,,2024-08-18
1A30EFEB-9,0D73F4C4,da Costa,42.067.883/1712-00,CORPORATE,Negociação,V002,Bruno Carvalho,2024-11-17,,,0.0,0.0,0.0,PROP,,2024-12-07
E31033F2-9,ED136646,Almeida,05.377.351/5850-00,CORPORATE,Proposta enviada,V001,Ana Paula Ferreira,2026-04-21,,,0.0,0.0,0.0,PROP PARCEIRO,,2026-05-19
9B32A7EA-1,7D31C389,Marques,97.848.018/4514-00,MIDDLE,Prospecção,V006,Gabriel Rocha,2025-08-19,,,0.0,0.0,0.0,PROP,,2025-08-22
3501866F-3,6008BAE9,Dias Silva Ltda.,17.154.544/4328-00,CORPORATE,Perdido,V001,Ana Paula Ferreira,2026-01-01,2026-01-28,27.0,0.0,0.0,0.0,PROP PARCEIRO,Sem retorno,2026-02-21
A091886E-D,17E69911,Gomes Mendes S/A,13.075.626/3689-00,CORPORATE,Ganho (CORPORATE),V002,Bruno Carvalho,2025-08-17,2025-11-05,80.0,40021.67,141065.49,181087.16,PROP PARCEIRO,,2025-09-15
7D52998A-4,63239232,Sá Martins - EI,01.836.675/2545-00,MIDDLE,Negociação,V006,Gabriel Rocha,2025-08-13,,,0.0,0.0,0.0,PROP,,2025-09-06
058E829B-4,3E962DCB,Brito Aragão Ltda.,99.353.875/8428-00,MIDDLE,Qualificação,V003,Carla Mendes,2025-08-12,,,0.0,0.0,0.0,PROP NEOGRID,,2025-08-16
8D051ED9-7,7E995ADB,Rocha e Filhos,14.294.019/6556-00,MIDDLE,Perdido,V004,Diego Souza,2024-08-17,2024-11-30,105.0,0.0,0.0,0.0,PROP,Sem retorno,2024-10-05
77862E48-4,179A419C,Peixoto Garcia S.A.,96.565.234/1389-00,MIDDLE,Prospecção,V003,Carla Mendes,2025-02-05,,,0.0,0.0,0.0,PROP,,2025-02-09
A24CAA6F-B,CF86BBC8,Cardoso,72.980.699/0162-00,MIDDLE,Negociação,V003,Carla Mendes,2024-12-10,,,0.0,0.0,0.0,PROP,,2025-01-21
1F2B6050-7,123B43D6,Albuquerque,16.152.809/8851-00,MIDDLE,Prospecção,V006,Gabriel Rocha,2025-03-29,,,0.0,0.0,0.0,PROP NEOGRID,,2025-04-28
D33BFD38-6,C7BEDB4D,Andrade Ltda.,33.918.785/1910-00,MIDDLE,Qualificação,V003,Carla Mendes,2024-10-27,,,0.0,0.0,0.0,PROP PARCEIRO,,2024-12-18
089342B0-A,2A321913,Ferreira,59.325.250/0292-00,MIDDLE,Prospecção,V006,Gabriel Rocha,2025-05-27,,,0.0,0.0,0.0,PROP PARCEIRO,,2025-07-07
DF7AA871-6,53450D17,Novaes,74.160.898/9921-00,CORPORATE,Qualificação,V005,Fernanda Lima,2026-02-10,,,0.0,0.0,0.0,PROP NEOGRID,,2026-03-23
1870DBE0-3,B3F84766,Duarte,76.527.758/4161-00,CORPORATE,Prospecção,V001,Ana Paula Ferreira,2025-04-05,,,0.0,0.0,0.0,PROP NEOGRID,,2025-06-01
FE179A1C-E,93E2E7C6,Brito,30.756.220/8635-00,CORPORATE,Proposta enviada,V005,Fernanda Lima,2024-12-21,,,0.0,0.0,0.0,PROP PARCEIRO,,2025-01-02
81071D00-5,BA97B2C4,Abreu,04.709.521/4562-00,CORPORATE,Prospecção,V001,Ana Paula Ferreira,2024-09-03,,,0.0,0.0,0.0,PROP PARCEIRO,,2024-10-14
BE7EC15B-B,0494E21C,Pinto,80.002.578/7298-00,MIDDLE,Qualificação,V008,Igor Nascimento,2026-04-17,,,0.0,0.0,0.0,PROP PARCEIRO,,2026-04-19
355A941A-6,F1E38AB7,da Mota S.A.,06.738.302/8439-00,MIDDLE,Prospecção,V008,Igor Nascimento,2024-06-08,,,0.0,0.0,0.0,PROP PARCEIRO,,2024-07-15
4FF0121C-7,3E9184C1,Cavalcanti e Filhos,34.125.286/6929-00,CORPORATE,Perdido,V001,Ana Paula Ferreira,2025-12-10,2026-04-19,130.0,0.0,0.0,0.0,PROP PARCEIRO,Preço alto,2025-12-25
13D34333-3,123B43D6,Albuquerque,16.152.809/8851-00,CORPORATE,Prospecção,V001,Ana Paula Ferreira,2025-06-23,,,0.0,0.0,0.0,PROP PARCEIRO,,2025-07-03
7B038CEE-E,3BE386AF,Marques - EI,89.373.467/0656-00,CORPORATE,Negociação,V001,Ana Paula Ferreira,2026-01-07,,,0.0,0.0,0.0,PROP,,2026-01-11
026AB8B5-3,E5B82B59,da Costa,69.379.237/4740-00,CORPORATE,Qualificação,V007,Helena Costa,2025-06-05,,,0.0,0.0,0.0,PROP PARCEIRO,,2025-06-13
DE772BC1-F,C0CDF647,Guerra,98.214.658/4044-00,MIDDLE,Ganho (MIDDLE),V004,Diego Souza,2026-03-18,2026-08-21,156.0,3428.27,3770.21,7198.48,PROP NEOGRID,,2026-03-27
F5E82398-C,98F57D6E,Cassiano,46.786.691/2517-00,MIDDLE,Prospecção,V006,Gabriel Rocha,2024-10-14,,,0.0,0.0,0.0,PROP PARCEIRO,,2024-10-16
37AF2263-F,F40C38B0,Cassiano Novaes e Filhos,93.759.738/3206-00,CORPORATE,Prospecção,V007,Helena Costa,2025-11-23,,,0.0,0.0,0.0,PROP,,2025-11-23
563629F9-9,B8994D0D,da Costa,79.252.419/1380-00,CORPORATE,Perdido,V005,Fernanda Lima,2025-03-03,2025-07-07,126.0,0.0,0.0,0.0,PROP PARCEIRO,Sem budget,2025-04-05
F647C555-C,E4E2BA81,Pereira Pereira e Filhos,68.117.758/9178-00,MIDDLE,Qualificação,V004,Diego Souza,2024-08-16,,,0.0,0.0,0.0,PROP PARCEIRO,,2024-09-16
FE5887A1-8,340D6983,Jesus Alves S.A.,77.014.363/4957-00,CORPORATE,Proposta enviada,V005,Fernanda Lima,2025-05-12,,,0.0,0.0,0.0,PROP,,2025-05-19
8E6BCDFD-D,C8CD2C82,Nogueira Cardoso e Filhos,34.216.073/3754-00,CORPORATE,Proposta enviada,V002,Bruno Carvalho,2025-01-13,,,0.0,0.0,0.0,PROP NEOGRID,,2025-01-16
B82AB069-9,A77106FC,Gonçalves - EI,49.651.370/9859-00,CORPORATE,Prospecção,V002,Bruno Carvalho,2025-01-03,,,0.0,0.0,0.0,PROP,,2025-01-06
8E1FC044-1,BE257CCE,Pacheco,53.046.374/5499-00,MIDDLE,Prospecção,V008,Igor Nascimento,2025-08-19,,,0.0,0.0,0.0,PROP NEOGRID,,2025-08-21
86798338-7,4283A2A1,Moura,01.938.026/2067-00,CORPORATE,Negociação,V002,Bruno Carvalho,2025-11-23,,,0.0,0.0,0.0,PROP,,2025-11-27
01584CF7-4,1A0D9DD6,da Costa Caldeira S.A.,91.557.924/9912-00,CORPORATE,Negociação,V005,Fernanda Lima,2025-02-28,,,0.0,0.0,0.0,PROP NEOGRID,,2025-03-14
F4D4F3AD-0,4212287E,Fonseca,75.289.539/2644-00,CORPORATE,Qualificação,V001,Ana Paula Ferreira,2025-09-03,,,0.0,0.0,0.0,PROP NEOGRID,,2025-10-30
8F22C7FC-F,73881171,Caldeira Sampaio Ltda.,78.961.183/6736-00,CORPORATE,Prospecção,V007,Helena Costa,2026-03-09,,,0.0,0.0,0.0,PROP PARCEIRO,,2026-04-07
0229B74E-B,04A407CE,Cavalcanti,44.905.814/7700-00,CORPORATE,Qualificação,V002,Bruno Carvalho,2025-01-20,,,0.0,0.0,0.0,PROP NEOGRID,,2025-02-01
F5688626-D,747C5FE6,Sampaio,33.272.795/6878-00,MIDDLE,Prospecção,V003,Carla Mendes,2025-07-20,,,0.0,0.0,0.0,PROP NEOGRID,,2025-08-15
231FFC86-6,EAFD64D9,Aragão - EI,11.998.679/8079-00,CORPORATE,Negociação,V002,Bruno Carvalho,2025-07-05,,,0.0,0.0,0.0,PROP PARCEIRO,,2025-09-03
1783A2EB-A,C19F0F05,Guerra Campos - EI,34.714.345/5812-00,CORPORATE,Proposta enviada,V002,Bruno Carvalho,2026-02-04,,,0.0,0.0,0.0,PROP,,2026-03-13
4ADF185B-5,35EF0143,Vasconcelos,06.296.201/5336-00,MIDDLE,Ganho (MIDDLE),V006,Gabriel Rocha,2026-04-19,2026-08-11,114.0,11306.5,8906.32,20212.82,PROP NEOGRID,,2026-05-16
663FDEF0-0,796C49CA,Ribeiro,49.818.299/2299-00,CORPORATE,Ganho (CORPORATE),V002,Bruno Carvalho,2024-09-23,2024-09-29,6.0,36332.89,16191.39,52524.28,PROP NEOGRID,,2024-11-08
7A04669E-E,87F094D1,Nunes,34.578.610/3579-00,CORPORATE,Qualificação,V007,Helena Costa,2024-12-29,,,0.0,0.0,0.0,PROP,,2025-01-26
3D0158A6-1,F3EB9BA8,Sales,06.071.596/9664-00,MIDDLE,Prospecção,V003,Carla Mendes,2025-03-13,,,0.0,0.0,0.0,PROP NEOGRID,,2025-03-28
BBBDD16D-8,AE6F3E50,Sampaio Lima Ltda.,10.341.316/4752-00,CORPORATE,Prospecção,V005,Fernanda Lima,2025-11-19,,,0.0,0.0,0.0,PROP PARCEIRO,,2025-12-26
F73D91D2-5,3993A10A,Rios Caldeira Ltda.,94.808.313/6783-00,CORPORATE,Perdido,V007,Helena Costa,2025-12-13,2026-03-31,108.0,0.0,0.0,0.0,PROP PARCEIRO,Projeto cancelado,2026-01-27
FC5BB7AA-7,4E9414EC,Peixoto Ltda.,91.699.854/3534-00,CORPORATE,Ganho (CORPORATE),V001,Ana Paula Ferreira,2025-04-04,2025-07-03,90.0,44819.02,51522.6,96341.62,PROP NEOGRID,,2025-05-18
8E149004-7,21F9BF28,da Cruz S.A.,16.934.060/8835-00,CORPORATE,Negociação,V001,Ana Paula Ferreira,2024-08-06,,,0.0,0.0,0.0,PROP,,2024-09-07
DF587C6D-6,B714D0D7,Silveira,36.851.604/8175-00,MIDDLE,Ganho (MIDDLE),V003,Carla Mendes,2025-04-06,2025-07-13,98.0,7514.94,3144.48,10659.42,PROP NEOGRID,,2025-04-17
FDA31DC0-5,93E754EA,Aparecida Fogaça - EI,03.236.519/9410-00,CORPORATE,Proposta enviada,V002,Bruno Carvalho,2025-12-13,,,0.0,0.0,0.0,PROP,,2026-01-23
E059AF0A-0,F3EB9BA8,Sales,06.071.596/9664-00,MIDDLE,Negociação,V004,Diego Souza,2025-09-15,,,0.0,0.0,0.0,PROP PARCEIRO,,2025-10-28
AFD1E38B-3,5271D9CA,Mendonça - EI,87.072.867/9087-00,MIDDLE,Prospecção,V003,Carla Mendes,2025-04-17,,,0.0,0.0,0.0,PROP PARCEIRO,,2025-06-09
E45C6AD2-A,33FA05AC,Pimenta Aparecida e Filhos,69.901.398/3735-00,CORPORATE,Qualificação,V005,Fernanda Lima,2025-01-26,,,0.0,0.0,0.0,PROP PARCEIRO,,2025-03-18
C11F4017-E,05976912,Silva Fernandes S.A.,12.419.049/6631-00,CORPORATE,Prospecção,V007,Helena Costa,2026-02-03,,,0.0,0.0,0.0,PROP NEOGRID,,2026-02-07
285A01E1-0,E4E2BA81,Pereira Pereira e Filhos,68.117.758/9178-00,CORPORATE,Prospecção,V001,Ana Paula Ferreira,2025-12-03,,,0.0,0.0,0.0,PROP PARCEIRO,,2026-02-01
BCA1C46B-A,7E995ADB,Rocha e Filhos,14.294.019/6556-00,CORPORATE,Prospecção,V002,Bruno Carvalho,2025-01-03,,,0.0,0.0,0.0,PROP PARCEIRO,,2025-01-04
EE968B87-8,8EA0B8E0,Novaes,49.027.874/2967-00,MIDDLE,Prospecção,V003,Carla Mendes,2025-09-08,,,0.0,0.0,0.0,PROP NEOGRID,,2025-10-04
E77285DE-5,B714D0D7,Silveira,36.851.604/8175-00,MIDDLE,Proposta enviada,V006,Gabriel Rocha,2024-12-22,,,0.0,0.0,0.0,PROP PARCEIRO,,2025-01-19
03CE7E97-3,5EB47A29,Pimenta,58.514.936/8998-00,MIDDLE,Qualificação,V004,Diego Souza,2025-06-24,,,0.0,0.0,0.0,PROP NEOGRID,,2025-07-17
6495F81F-C,4471C0A6,Castro Martins - ME,88.095.701/5430-00,MIDDLE,Negociação,V003,Carla Mendes,2025-12-03,,,0.0,0.0,0.0,PROP,,2026-01-11
0A224C19-7,CC0D7F59,Ribeiro S.A.,32.871.012/2691-00,CORPORATE,Negociação,V005,Fernanda Lima,2025-10-29,,,0.0,0.0,0.0,PROP PARCEIRO,,2025-12-25
53B5CB99-A,6FD00BCC,Aragão,39.636.057/6627-00,CORPORATE,Prospecção,V001,Ana Paula Ferreira,2026-03-22,,,0.0,0.0,0.0,PROP NEOGRID,,2026-04-07
96562BEC-2,3CBA372A,Garcia,60.932.048/9964-00,MIDDLE,Prospecção,V003,Carla Mendes,2024-06-21,,,0.0,0.0,0.0,PROP NEOGRID,,2024-07-19
C6C5B705-1,5282F636,Viana,23.705.895/7829-00,CORPORATE,Proposta enviada,V001,Ana Paula Ferreira,2026-04-08,,,0.0,0.0,0.0,PROP,,2026-06-07
CB4341F2-D,EACF940B,Azevedo,55.110.475/4121-00,MIDDLE,Perdido,V004,Diego Souza,2026-04-29,2026-09-20,144.0,0.0,0.0,0.0,PROP PARCEIRO,Sem budget,2026-05-29
308E69D0-A,B3F84766,Duarte,76.527.758/4161-00,MIDDLE,Perdido,V004,Diego Souza,2024-10-02,2025-01-28,118.0,0.0,0.0,0.0,PROP NEOGRID,Preço alto,2024-10-10
B3B93503-7,03736618,Correia,65.827.109/1043-00,CORPORATE,Qualificação,V007,Helena Costa,2024-08-09,,,0.0,0.0,0.0,PROP,,2024-08-29
F7C1E51A-0,55D5913C,Sá S/A,97.278.755/8867-00,CORPORATE,Proposta enviada,V002,Bruno Carvalho,2024-09-13,,,0.0,0.0,0.0,PROP NEOGRID,,2024-09-25
264986F2-B,91A2E92D,Cassiano,76.936.763/2016-00,CORPORATE,Prospecção,V007,Helena Costa,2024-06-09,,,0.0,0.0,0.0,PROP PARCEIRO,,2024-07-04
3891ACC9-4,65C21445,Abreu,30.980.500/9788-00,CORPORATE,Qualificação,V001,Ana Paula Ferreira,2024-06-20,,,0.0,0.0,0.0,PROP NEOGRID,,2024-07-13
C4151F98-B,17160B62,Aragão S.A.,85.050.641/3836-00,MIDDLE,Qualificação,V006,Gabriel Rocha,2025-05-15,,,0.0,0.0,0.0,PROP PARCEIRO,,2025-05-20
27D071DE-A,00CD3931,Castro Ltda.,22.170.430/3054-00,CORPORATE,Negociação,V007,Helena Costa,2025-03-04,,,0.0,0.0,0.0,PROP PARCEIRO,,2025-04-30
36033F62-9,A63232B5,Pires,67.242.388/4969-00,MIDDLE,Negociação,V008,Igor Nascimento,2025-12-12,,,0.0,0.0,0.0,PROP,,2025-12-25
E7098DAA-4,7E995ADB,Rocha e Filhos,14.294.019/6556-00,MIDDLE,Qualificação,V006,Gabriel Rocha,2026-02-25,,,0.0,0.0,0.0,PROP NEOGRID,,2026-03-02
E40AE793-7,3E6D8016,Cassiano da Conceição - ME,48.217.594/6474-00,CORPORATE,Qualificação,V005,Fernanda Lima,2025-03-05,,,0.0,0.0,0.0,PROP PARCEIRO,,2025-04-22
B4FCA50E-9,D02BDC69,Leão Gomes - EI,09.743.953/3942-00,CORPORATE,Prospecção,V007,Helena Costa,2025-07-11,,,0.0,0.0,0.0,PROP NEOGRID,,2025-09-02
EADA6A62-3,098EC135,Pastor Pacheco S.A.,62.890.233/0307-00,MIDDLE,Qualificação,V008,Igor Nascimento,2025-09-16,,,0.0,0.0,0.0,PROP NEOGRID,,2025-10-05
F9670ED2-E,3BD985B4,Azevedo Ltda.,22.332.061/6329-00,MIDDLE,Prospecção,V006,Gabriel Rocha,2025-03-02,,,0.0,0.0,0.0,PROP PARCEIRO,,2025-03-17
2B530B93-C,31A3B43B,Dias S.A.,09.652.074/4666-00,CORPORATE,Prospecção,V005,Fernanda Lima,2024-12-15,,,0.0,0.0,0.0,PROP PARCEIRO,,2025-01-07
EEC4DD89-0,FDA0820A,Ferreira das Neves e Filhos,77.063.242/4154-00,MIDDLE,Proposta enviada,V006,Gabriel Rocha,2024-07-29,,,0.0,0.0,0.0,PROP,,2024-08-21
E5404766-A,BEBD485D,Freitas,15.410.067/6267-00,CORPORATE,Ganho (CORPORATE),V002,Bruno Carvalho,2024-09-15,2024-10-04,19.0,15960.28,74546.16,90506.44,PROP PARCEIRO,,2024-09-23
09927889-8,06DCB309,Silva Casa Grande Ltda.,61.990.623/4456-00,MIDDLE,Prospecção,V006,Gabriel Rocha,2025-04-29,,,0.0,0.0,0.0,PROP NEOGRID,,2025-05-02
7EB47FAF-B,1A913C89,Sampaio,72.151.070/2966-00,MIDDLE,Prospecção,V003,Carla Mendes,2024-11-23,,,0.0,0.0,0.0,PROP,,2024-12-31
0E0ADA2A-8,D1DFBA49,Gomes Marques Ltda.,83.982.258/7139-00,CORPORATE,Proposta enviada,V005,Fernanda Lima,2025-06-29,,,0.0,0.0,0.0,PROP NEOGRID,,2025-07-05
C2372FCD-6,7D7C275E,Porto,81.219.136/1939-00,MIDDLE,Ganho (MIDDLE),V003,Carla Mendes,2025-12-14,2026-04-30,137.0,4939.85,23806.62,28746.47,PROP NEOGRID,,2026-01-04
0EE8D58D-7,B50791E2,Souza - EI,78.886.101/5819-00,CORPORATE,Prospecção,V002,Bruno Carvalho,2024-12-04,,,0.0,0.0,0.0,PROP PARCEIRO,,2025-01-12
D3323A02-8,7A81C4E3,Cardoso Garcia - EI,86.805.891/1352-00,CORPORATE,Qualificação,V001,Ana Paula Ferreira,2026-01-04,,,0.0,0.0,0.0,PROP NEOGRID,,2026-01-26
A281DBD1-C,E4E2BA81,Pereira Pereira e Filhos,68.117.758/9178-00,MIDDLE,Proposta enviada,V004,Diego Souza,2025-02-05,,,0.0,0.0,0.0,PROP NEOGRID,,2025-02-16
5A34E90C-1,250EC7C0,Abreu,95.134.332/0037-00,MIDDLE,Prospecção,V003,Carla Mendes,2025-09-18,,,0.0,0.0,0.0,PROP PARCEIRO,,2025-10-02
EB1DD9D5-A,C0CDF647,Guerra,98.214.658/4044-00,MIDDLE,Prospecção,V004,Diego Souza,2026-02-12,,,0.0,0.0,0.0,PROP,,2026-02-16
1C385974-9,51AA03AD,Oliveira,17.248.251/3534-00,CORPORATE,Negociação,V007,Helena Costa,2026-03-21,,,0.0,0.0,0.0,PROP PARCEIRO,,2026-04-22
719DF75D-3,0D7C130F,Leão,89.691.085/8994-00,CORPORATE,Qualificação,V005,Fernanda Lima,2026-03-20,,,0.0,0.0,0.0,PROP,,2026-05-09
204DB87C-7,8FD8F702,Cavalcanti,57.120.826/7734-00,CORPORATE,Perdido,V002,Bruno Carvalho,2024-09-09,2024-11-04,56.0,0.0,0.0,0.0,PROP,Escolheu concorrente,2024-11-02
A9464463-A,0C17F01C,Teixeira - EI,25.135.427/8498-00,MIDDLE,Perdido,V006,Gabriel Rocha,2025-05-08,2025-06-23,46.0,0.0,0.0,0.0,PROP PARCEIRO,Escolheu concorrente,2025-06-09
20BB586E-4,15E4AE09,Cirino,59.514.846/5648-00,CORPORATE,Prospecção,V001,Ana Paula Ferreira,2024-11-08,,,0.0,0.0,0.0,PROP NEOGRID,,2024-11-18
B2FFDB0C-7,A8114FDD,Rocha,90.659.401/3990-00,CORPORATE,Perdido,V001,Ana Paula Ferreira,2025-09-26,2026-02-07,134.0,0.0,0.0,0.0,PROP PARCEIRO,Sem retorno,2025-10-07
FC384E74-7,0313E25E,da Rocha,61.125.457/3875-00,MIDDLE,Proposta enviada,V003,Carla Mendes,2025-10-30,,,0.0,0.0,0.0,PROP NEOGRID,,2025-11-12
57DE966C-F,B50791E2,Souza - EI,78.886.101/5819-00,CORPORATE,Qualificação,V005,Fernanda Lima,2025-12-28,,,0.0,0.0,0.0,PROP NEOGRID,,2026-02-14
CB759FA6-B,CDABD7E0,Gomes - ME,75.618.537/4741-00,MIDDLE,Negociação,V003,Carla Mendes,2026-02-08,,,0.0,0.0,0.0,PROP NEOGRID,,2026-03-09
E209150C-0,F6A3D576,Castro,60.466.183/9826-00,MIDDLE,Proposta enviada,V008,Igor Nascimento,2025-09-14,,,0.0,0.0,0.0,PROP NEOGRID,,2025-09-26
0D007E6E-0,40F38B8F,Nunes S.A.,21.020.539/5024-00,CORPORATE,Ganho (CORPORATE),V007,Helena Costa,2024-06-07,2024-09-14,99.0,18447.3,149821.27,168268.57,PROP NEOGRID,,2024-07-20
50CEE48F-B,A63232B5,Pires,67.242.388/4969-00,CORPORATE,Qualificação,V001,Ana Paula Ferreira,2026-01-01,,,0.0,0.0,0.0,PROP PARCEIRO,,2026-01-07
06F1E57B-B,3F5B5AAB,Campos Costa S.A.,58.693.806/8687-00,CORPORATE,Prospecção,V002,Bruno Carvalho,2025-05-22,,,0.0,0.0,0.0,PROP NEOGRID,,2025-05-29
CDF3A797-5,3E8B3878,Silveira,66.870.021/7659-00,CORPORATE,Ganho (CORPORATE),V007,Helena Costa,2025-07-22,2025-12-22,153.0,49523.75,115882.41,165406.16,PROP PARCEIRO,,2025-09-20
A9C91150-D,C19F0F05,Guerra Campos - EI,34.714.345/5812-00,MIDDLE,Qualificação,V008,Igor Nascimento,2024-12-23,,,0.0,0.0,0.0,PROP NEOGRID,,2024-12-29
70201324-7,E55120A5,Pinto,35.925.556/2588-00,CORPORATE,Prospecção,V007,Helena Costa,2025-09-09,,,0.0,0.0,0.0,PROP,,2025-10-26
100163C2-C,F1E38AB7,da Mota S.A.,06.738.302/8439-00,CORPORATE,Ganho (CORPORATE),V007,Helena Costa,2024-06-08,2024-06-19,11.0,77905.44,63568.62,141474.06,PROP PARCEIRO,,2024-06-28
758751B9-2,5EB47A29,Pimenta,58.514.936/8998-00,CORPORATE,Qualificação,V001,Ana Paula Ferreira,2026-02-14,,,0.0,0.0,0.0,PROP NEOGRID,,2026-04-05
48CCFC51-D,E3EEC0E1,Almeida,26.870.568/5662-00,MIDDLE,Prospecção,V008,Igor Nascimento,2024-12-17,,,0.0,0.0,0.0,PROP PARCEIRO,,2025-01-20
764A1158-5,88A2A8F8,da Luz - EI,93.296.685/1612-00,CORPORATE,Perdido,V001,Ana Paula Ferreira,2025-02-17,2025-03-24,35.0,0.0,0.0,0.0,PROP NEOGRID,Projeto cancelado,2025-03-18
F16FB263-C,1036BC4F,Machado - ME,61.622.999/1191-00,CORPORATE,Prospecção,V005,Fernanda Lima,2025-11-16,,,0.0,0.0,0.0,PROP PARCEIRO,,2025-12-10
FEEE6855-E,E385EF60,Araújo da Costa - EI,47.510.799/1183-00,MIDDLE,Negociação,V008,Igor Nascimento,2024-06-27,,,0.0,0.0,0.0,PROP NEOGRID,,2024-07-27
B98435E0-9,13A4462F,Melo,05.297.516/1369-00,CORPORATE,Qualificação,V007,Helena Costa,2025-08-07,,,0.0,0.0,0.0,PROP PARCEIRO,,2025-09-19
7D461B00-A,E3EEC0E1,Almeida,26.870.568/5662-00,MIDDLE,Negociação,V006,Gabriel Rocha,2025-06-09,,,0.0,0.0,0.0,PROP,,2025-08-01
36B9AB85-E,5C85C6DB,Pereira Carvalho Ltda.,41.832.856/9146-00,MIDDLE,Qualificação,V003,Carla Mendes,2024-08-01,,,0.0,0.0,0.0,PROP NEOGRID,,2024-08-23
AE5AB72D-1,4212287E,Fonseca,75.289.539/2644-00,MIDDLE,Qualificação,V004,Diego Souza,2025-08-23,,,0.0,0.0,0.0,PROP,,2025-10-20
8A8E5905-4,3DF31231,Monteiro e Filhos,33.334.680/0722-00,CORPORATE,Ganho (CORPORATE),V001,Ana Paula Ferreira,2025-05-23,2025-07-10,48.0,6478.4,55656.36,62134.76,PROP NEOGRID,,2025-07-04
26C20D6F-D,35EF0143,Vasconcelos,06.296.201/5336-00,MIDDLE,Proposta enviada,V008,Igor Nascimento,2025-08-03,,,0.0,0.0,0.0,PROP,,2025-08-23
6161EE95-3,4283A2A1,Moura,01.938.026/2067-00,MIDDLE,Proposta enviada,V006,Gabriel Rocha,2024-09-24,,,0.0,0.0,0.0,PROP PARCEIRO,,2024-11-06
A4AE7917-5,F6B87222,Moura - EI,25.537.147/8596-00,CORPORATE,Qualificação,V005,Fernanda Lima,2025-11-14,,,0.0,0.0,0.0,PROP NEOGRID,,2025-11-26
F9E42946-A,85AFEFDB,Oliveira,11.686.854/8709-00,MIDDLE,Proposta enviada,V003,Carla Mendes,2024-11-01,,,0.0,0.0,0.0,PROP NEOGRID,,2024-12-07
E79FFB6E-6,7E995ADB,Rocha e Filhos,14.294.019/6556-00,MIDDLE,Negociação,V003,Carla Mendes,2024-09-18,,,0.0,0.0,0.0,PROP,,2024-10-24
E9EE2479-A,7A77C339,Fernandes,26.758.692/6179-00,MIDDLE,Qualificação,V006,Gabriel Rocha,2026-02-14,,,0.0,0.0,0.0,PROP NEOGRID,,2026-03-13
2F0ECA16-6,3993A10A,Rios Caldeira Ltda.,94.808.313/6783-00,MIDDLE,Prospecção,V008,Igor Nascimento,2025-08-19,,,0.0,0.0,0.0,PROP PARCEIRO,,2025-08-30
BE1355EC-3,2EAE5DBC,Moraes Monteiro S/A,63.116.566/7010-00,CORPORATE,Proposta enviada,V002,Bruno Carvalho,2024-09-20,,,0.0,0.0,0.0,PROP PARCEIRO,,2024-11-19
FBD31E92-2,3F824596,Moura,26.547.935/6465-00,MIDDLE,Prospecção,V008,Igor Nascimento,2024-10-01,,,0.0,0.0,0.0,PROP,,2024-10-24
E1F06D2A-2,0EB798F6,Macedo Nogueira e Filhos,20.465.375/5646-00,MIDDLE,Prospecção,V004,Diego Souza,2025-06-30,,,0.0,0.0,0.0,PROP,,2025-08-09
F8FE3D93-4,E6484C2D,Pereira e Filhos,85.497.334/8434-00,CORPORATE,Ganho (CORPORATE),V005,Fernanda Lima,2025-07-14,2025-12-31,170.0,17043.82,106159.69,123203.51,PROP,,2025-08-08
250A4A58-5,1C1B523F,Fogaça,98.358.416/8784-00,CORPORATE,Prospecção,V002,Bruno Carvalho,2026-04-05,,,0.0,0.0,0.0,PROP NEOGRID,,2026-05-06
CA0EB263-5,9DAB14E0,Silveira Macedo S/A,94.043.898/3640-00,MIDDLE,Qualificação,V003,Carla Mendes,2025-10-09,,,0.0,0.0,0.0,PROP NEOGRID,,2025-11-28
EFAC06B0-3,5A53EBD0,Sampaio,70.482.814/8932-00,MIDDLE,Proposta enviada,V004,Diego Souza,2024-07-13,,,0.0,0.0,0.0,PROP NEOGRID,,2024-09-01
AA459514-0,82B4894F,Montenegro,72.190.340/4384-00,CORPORATE,Prospecção,V001,Ana Paula Ferreira,2025-06-16,,,0.0,0.0,0.0,PROP NEOGRID,,2025-08-12
7E78B245-2,7D7C275E,Porto,81.219.136/1939-00,MIDDLE,Proposta enviada,V003,Carla Mendes,2025-03-23,,,0.0,0.0,0.0,PROP,,2025-04-07
26B8F52D-D,96BC0D6D,Viana,56.551.256/7468-00,CORPORATE,Proposta enviada,V001,Ana Paula Ferreira,2024-11-15,,,0.0,0.0,0.0,PROP PARCEIRO,,2024-12-01
9CB3A489-9,F8E3E9C3,Santos Castro Ltda.,92.755.719/2856-00,MIDDLE,Ganho (MIDDLE),V004,Diego Souza,2024-08-27,2024-10-02,36.0,11824.67,10775.49,22600.16,PROP PARCEIRO,,2024-10-13
EBBCB0EF-C,BB18AD55,Nunes,91.216.558/5239-00,MIDDLE,Negociação,V004,Diego Souza,2025-02-24,,,0.0,0.0,0.0,PROP,,2025-03-13
3EBC06C5-3,F6B87222,Moura - EI,25.537.147/8596-00,MIDDLE,Qualificação,V003,Carla Mendes,2024-12-17,,,0.0,0.0,0.0,PROP,,2025-01-06
7396EC58-F,C0CDF647,Guerra,98.214.658/4044-00,MIDDLE,Qualificação,V004,Diego Souza,2025-07-23,,,0.0,0.0,0.0,PROP NEOGRID,,2025-08-22
82AC0CA6-F,0A5A4D0E,Silveira,77.997.995/5271-00,MIDDLE,Ganho (MIDDLE),V003,Carla Mendes,2024-07-12,2024-12-19,160.0,1487.33,22704.59,24191.92,PROP,,2024-08-25
10D68E31-D,5EB47A29,Pimenta,58.514.936/8998-00,CORPORATE,Prospecção,V007,Helena Costa,2025-06-21,,,0.0,0.0,0.0,PROP PARCEIRO,,2025-06-28
EB42579D-4,8FD8F702,Cavalcanti,57.120.826/7734-00,CORPORATE,Ganho (CORPORATE),V007,Helena Costa,2026-04-25,2026-08-08,105.0,74563.06,138509.74,213072.8,PROP NEOGRID,,2026-04-30
6592C9EA-A,1F7D8ED3,Alves,74.801.624/5650-00,CORPORATE,Prospecção,V002,Bruno Carvalho,2025-02-08,,,0.0,0.0,0.0,PROP PARCEIRO,,2025-03-06
A4713ACC-9,F2130614,da Mata Novaes S.A.,20.297.021/3556-00,CORPORATE,Prospecção,V001,Ana Paula Ferreira,2024-12-16,,,0.0,0.0,0.0,PROP NEOGRID,,2025-01-30
5E1AD509-5,D02BDC69,Leão Gomes - EI,09.743.953/3942-00,MIDDLE,Ganho (MIDDLE),V003,Carla Mendes,2025-11-20,2026-01-30,71.0,8088.68,11851.98,19940.66,PROP PARCEIRO,,2026-01-05
8355D189-1,1A0D9DD6,da Costa Caldeira S.A.,91.557.924/9912-00,MIDDLE,Qualificação,V003,Carla Mendes,2026-03-11,,,0.0,0.0,0.0,PROP NEOGRID,,2026-04-30
8AA7BC3F-3,17E69911,Gomes Mendes S/A,13.075.626/3689-00,CORPORATE,Prospecção,V002,Bruno Carvalho,2024-07-29,,,0.0,0.0,0.0,PROP,,2024-08-08
A2280C22-F,A63232B5,Pires,67.242.388/4969-00,CORPORATE,Qualificação,V002,Bruno Carvalho,2024-09-02,,,0.0,0.0,0.0,PROP NEOGRID,,2024-09-30
78A6A1BB-6,9641BB51,Cavalcante,99.606.530/7450-00,MIDDLE,Ganho (MIDDLE),V004,Diego Souza,2025-08-10,2025-09-28,49.0,10624.54,25149.52,35774.06,PROP NEOGRID,,2025-08-22
DBC0E6B6-8,AB8A179A,Andrade,67.190.229/4131-00,CORPORATE,Qualificação,V002,Bruno Carvalho,2025-03-27,,,0.0,0.0,0.0,PROP PARCEIRO,,2025-04-10
A5C4487D-5,0A5A4D0E,Silveira,77.997.995/5271-00,CORPORATE,Perdido,V002,Bruno Carvalho,2026-02-01,2026-06-04,123.0,0.0,0.0,0.0,PROP,Preço alto,2026-02-26
ACCA8E11-2,55D5913C,Sá S/A,97.278.755/8867-00,MIDDLE,Proposta enviada,V004,Diego Souza,2026-02-01,,,0.0,0.0,0.0,PROP PARCEIRO,,2026-02-08
F15D4032-3,73515AF9,Duarte,40.244.550/2296-00,CORPORATE,Negociação,V007,Helena Costa,2025-01-24,,,0.0,0.0,0.0,PROP,,2025-03-10
D1D4B619-7,0313E25E,da Rocha,61.125.457/3875-00,CORPORATE,Prospecção,V005,Fernanda Lima,2025-07-13,,,0.0,0.0,0.0,PROP NEOGRID,,2025-09-05
D3098946-B,190693B7,Novaes,99.471.746/4887-00,CORPORATE,Proposta enviada,V005,Fernanda Lima,2024-06-09,,,0.0,0.0,0.0,PROP,,2024-06-10
753068EE-5,3FD332C7,Martins Cirino S/A,17.461.200/4711-00,MIDDLE,Perdido,V004,Diego Souza,2024-08-09,2024-12-07,120.0,0.0,0.0,0.0,PROP PARCEIRO,Projeto cancelado,2024-08-14
E94550E4-6,0DA79E68,Moreira,44.713.247/5469-00,CORPORATE,Qualificação,V005,Fernanda Lima,2025-03-22,,,0.0,0.0,0.0,PROP PARCEIRO,,2025-04-18
4A5C448B-1,3E8B3878,Silveira,66.870.021/7659-00,MIDDLE,Prospecção,V003,Carla Mendes,2026-03-11,,,0.0,0.0,0.0,PROP NEOGRID,,2026-04-18
7B49758C-2,ECBA0C96,Gonçalves,59.212.499/8569-00,CORPORATE,Prospecção,V007,Helena Costa,2025-06-28,,,0.0,0.0,0.0,PROP,,2025-08-24
138A4230-4,5D989E38,da Mota,85.156.915/4522-00,CORPORATE,Proposta enviada,V005,Fernanda Lima,2025-11-11,,,0.0,0.0,0.0,PROP NEOGRID,,2025-11-19
014B4B7D-0,190693B7,Novaes,99.471.746/4887-00,CORPORATE,Qualificação,V007,Helena Costa,2025-12-09,,,0.0,0.0,0.0,PROP,,2026-01-09
22DAF972-3,FC66389E,Rodrigues,27.828.274/2257-00,MIDDLE,Negociação,V008,Igor Nascimento,2025-07-18,,,0.0,0.0,0.0,PROP NEOGRID,,2025-08-20
7DBD7C1D-2,B3F84766,Duarte,76.527.758/4161-00,MIDDLE,Qualificação,V004,Diego Souza,2025-06-14,,,0.0,0.0,0.0,PROP,,2025-07-19
A19EA6E3-5,F3EB9BA8,Sales,06.071.596/9664-00,MIDDLE,Prospecção,V004,Diego Souza,2026-03-09,,,0.0,0.0,0.0,PROP NEOGRID,,2026-03-19
E909F6C4-7,18B11F1A,Câmara,37.575.844/1986-00,MIDDLE,Qualificação,V008,Igor Nascimento,2026-03-23,,,0.0,0.0,0.0,PROP PARCEIRO,,2026-04-23
1816D3F5-8,2A632D57,Jesus,71.369.594/4064-00,MIDDLE,Qualificação,V004,Diego Souza,2025-12-28,,,0.0,0.0,0.0,PROP NEOGRID,,2026-01-08
F837AFA6-F,7965BC2E,Aparecida,50.305.641/3953-00,CORPORATE,Negociação,V005,Fernanda Lima,2024-10-04,,,0.0,0.0,0.0,PROP PARCEIRO,,2024-10-04
2F253B0D-8,4E0DFAFD,Alves,99.650.477/3586-00,CORPORATE,Qualificação,V001,Ana Paula Ferreira,2025-08-24,,,0.0,0.0,0.0,PROP NEOGRID,,2025-08-25
7207CBC7-9,65E68BDA,Campos,52.312.432/9212-00,MIDDLE,Proposta enviada,V003,Carla Mendes,2025-03-26,,,0.0,0.0,0.0,PROP,,2025-05-18
BD718DB1-7,E9FA9418,Brito,00.109.439/6907-00,MIDDLE,Prospecção,V003,Carla Mendes,2025-01-17,,,0.0,0.0,0.0,PROP NEOGRID,,2025-02-26
EB22EAF0-3,15D2C1B6,Montenegro,93.618.324/2102-00,MIDDLE,Proposta enviada,V003,Carla Mendes,2025-05-31,,,0.0,0.0,0.0,PROP NEOGRID,,2025-06-20
77C2519A-0,BB18AD55,Nunes,91.216.558/5239-00,CORPORATE,Prospecção,V001,Ana Paula Ferreira,2024-07-13,,,0.0,0.0,0.0,PROP PARCEIRO,,2024-07-17
47928737-5,B1D5295D,Guerra Farias Ltda.,52.408.240/0842-00,MIDDLE,Prospecção,V006,Gabriel Rocha,2025-11-02,,,0.0,0.0,0.0,PROP NEOGRID,,2025-11-07
E6AA4D74-6,364CD2EC,Dias - ME,62.312.038/7509-00,CORPORATE,Ganho (CORPORATE),V002,Bruno Carvalho,2025-04-01,2025-07-18,108.0,26370.19,115358.2,141728.39,PROP PARCEIRO,,2025-04-10
8F8692FB-4,87762197,Vasconcelos,26.343.517/5183-00,CORPORATE,Prospecção,V007,Helena Costa,2025-06-20,,,0.0,0.0,0.0,PROP NEOGRID,,2025-08-01
1FBE7CFF-4,7A77C339,Fernandes,26.758.692/6179-00,CORPORATE,Ganho (CORPORATE),V002,Bruno Carvalho,2024-12-18,2025-04-16,119.0,71405.98,76701.56,148107.54,PROP PARCEIRO,,2025-01-25
2BB61CA7-E,F6B87222,Moura - EI,25.537.147/8596-00,MIDDLE,Prospecção,V008,Igor Nascimento,2025-04-21,,,0.0,0.0,0.0,PROP NEOGRID,,2025-04-26
C05F96C1-1,B1D5295D,Guerra Farias Ltda.,52.408.240/0842-00,CORPORATE,Qualificação,V007,Helena Costa,2024-06-10,,,0.0,0.0,0.0,PROP,,2024-08-08
CE7DEECA-4,358F2450,Ribeiro S/A,95.342.836/4408-00,MIDDLE,Proposta enviada,V003,Carla Mendes,2025-07-10,,,0.0,0.0,0.0,PROP NEOGRID,,2025-07-29
5E4AE83B-C,9C4ADCE3,Ferreira,05.648.149/1778-00,CORPORATE,Perdido,V005,Fernanda Lima,2025-08-22,2026-01-07,138.0,0.0,0.0,0.0,PROP PARCEIRO,Preço alto,2025-10-19
3ACDF725-8,FC66389E,Rodrigues,27.828.274/2257-00,CORPORATE,Qualificação,V007,Helena Costa,2025-03-07,,,0.0,0.0,0.0,PROP PARCEIRO,,2025-04-28
FB5BBF5B-9,E252C667,Pires,45.562.386/9222-00,MIDDLE,Qualificação,V003,Carla Mendes,2024-12-04,,,0.0,0.0,0.0,PROP NEOGRID,,2024-12-15
21924403-E,0A9DCD56,Sá,34.316.117/2400-00,CORPORATE,Ganho (CORPORATE),V001,Ana Paula Ferreira,2026-02-07,2026-05-29,111.0,70756.65,51670.65,122427.3,PROP PARCEIRO,,2026-03-25
B2E49980-6,40545E41,Souza e Filhos,08.621.182/3398-00,MIDDLE,Negociação,V008,Igor Nascimento,2024-08-03,,,0.0,0.0,0.0,PROP,,2024-08-16
7A87DA59-9,0567375A,Vasconcelos Moreira - ME,81.685.054/2357-00,CORPORATE,Prospecção,V005,Fernanda Lima,2024-06-13,,,0.0,0.0,0.0,PROP,,2024-07-08
B47FFF80-5,A7659693,Melo - ME,50.723.688/7676-00,CORPORATE,Prospecção,V007,Helena Costa,2025-01-17,,,0.0,0.0,0.0,PROP PARCEIRO,,2025-02-24
A8C006B7-1,6D067F2C,Costa Marques Ltda.,82.337.498/9413-00,MIDDLE,Qualificação,V006,Gabriel Rocha,2024-06-13,,,0.0,0.0,0.0,PROP NEOGRID,,2024-06-18
E32079B3-C,5C85C6DB,Pereira Carvalho Ltda.,41.832.856/9146-00,CORPORATE,Prospecção,V002,Bruno Carvalho,2026-01-09,,,0.0,0.0,0.0,PROP,,2026-03-04
74820D87-4,0C17F01C,Teixeira - EI,25.135.427/8498-00,CORPORATE,Prospecção,V002,Bruno Carvalho,2024-07-07,,,0.0,0.0,0.0,PROP PARCEIRO,,2024-07-19
C4638976-0,E450BF36,Sá Moraes S/A,96.575.692/4593-00,CORPORATE,Qualificação,V007,Helena Costa,2025-12-03,,,0.0,0.0,0.0,PROP,,2026-01-29
E9426DFE-C,6FEED30D,Câmara,93.796.603/3419-00,CORPORATE,Negociação,V007,Helena Costa,2024-12-23,,,0.0,0.0,0.0,PROP PARCEIRO,,2025-01-07
FE15E74A-8,65E68BDA,Campos,52.312.432/9212-00,CORPORATE,Prospecção,V007,Helena Costa,2026-03-12,,,0.0,0.0,0.0,PROP PARCEIRO,,2026-04-08
B5D68500-7,3E8B3878,Silveira,66.870.021/7659-00,MIDDLE,Ganho (MIDDLE),V006,Gabriel Rocha,2026-03-27,2026-08-03,129.0,6595.53,16373.96,22969.49,PROP PARCEIRO,,2026-05-05
432F4718-4,D1202414,Gomes Correia - EI,55.188.442/2583-00,MIDDLE,Prospecção,V003,Carla Mendes,2024-11-09,,,0.0,0.0,0.0,PROP PARCEIRO,,2024-11-13
9ED73113-2,6008BAE9,Dias Silva Ltda.,17.154.544/4328-00,MIDDLE,Ganho (MIDDLE),V008,Igor Nascimento,2025-01-04,2025-02-07,34.0,7927.04,28291.01,36218.05,PROP NEOGRID,,2025-02-01
DAAB33B3-8,1A913C89,Sampaio,72.151.070/2966-00,MIDDLE,Prospecção,V006,Gabriel Rocha,2025-10-19,,,0.0,0.0,0.0,PROP PARCEIRO,,2025-11-02
52B71E9D-1,A9C1B795,Casa Grande Alves S/A,93.248.086/1317-00,MIDDLE,Perdido,V008,Igor Nascimento,2025-12-20,2026-03-10,80.0,0.0,0.0,0.0,PROP NEOGRID,Sem budget,2026-02-08
2192E49A-2,7FC4FB9C,Pires Cunha Ltda.,22.292.706/5379-00,MIDDLE,Negociação,V004,Diego Souza,2024-08-05,,,0.0,0.0,0.0,PROP,,2024-09-16
234E3DCC-5,5271D9CA,Mendonça - EI,87.072.867/9087-00,MIDDLE,Prospecção,V004,Diego Souza,2025-11-24,,,0.0,0.0,0.0,PROP NEOGRID,,2026-01-23
5C30BFBD-C,40545E41,Souza e Filhos,08.621.182/3398-00,MIDDLE,Qualificação,V004,Diego Souza,2024-10-10,,,0.0,0.0,0.0,PROP NEOGRID,,2024-11-01
0D9BB6BC-C,5D989E38,da Mota,85.156.915/4522-00,CORPORATE,Prospecção,V001,Ana Paula Ferreira,2026-02-27,,,0.0,0.0,0.0,PROP,,2026-03-06
1BC6086F-F,05976912,Silva Fernandes S.A.,12.419.049/6631-00,CORPORATE,Qualificação,V005,Fernanda Lima,2025-05-05,,,0.0,0.0,0.0,PROP PARCEIRO,,2025-05-22
A21A3E35-0,4E7166BC,Freitas,32.133.480/3965-00,CORPORATE,Ganho (CORPORATE),V001,Ana Paula Ferreira,2026-03-13,2026-07-08,117.0,64924.02,144770.6,209694.62,PROP,,2026-03-19
82EB4887-9,F7914921,Vasconcelos e Filhos,31.713.900/5329-00,CORPORATE,Ganho (CORPORATE),V001,Ana Paula Ferreira,2024-11-30,2024-12-31,31.0,17528.47,26528.31,44056.78,PROP,,2025-01-27
36AAF1E8-6,6B9DBA05,Rezende,79.855.241/4060-00,MIDDLE,Prospecção,V006,Gabriel Rocha,2025-02-05,,,0.0,0.0,0.0,PROP,,2025-02-14
9014FD03-D,AE6F3E50,Sampaio Lima Ltda.,10.341.316/4752-00,MIDDLE,Qualificação,V004,Diego Souza,2025-12-29,,,0.0,0.0,0.0,PROP NEOGRID,,2026-02-16
191F116E-A,BE4580CF,Castro,50.671.657/2628-00,CORPORATE,Prospecção,V007,Helena Costa,2025-05-19,,,0.0,0.0,0.0,PROP NEOGRID,,2025-06-11
9214B015-D,B055FECC,Leão e Filhos,62.316.658/7603-00,MIDDLE,Qualificação,V004,Diego Souza,2025-11-29,,,0.0,0.0,0.0,PROP,,2025-12-07
6AA1BDCD-3,0DA79E68,Moreira,44.713.247/5469-00,MIDDLE,Qualificação,V008,Igor Nascimento,2025-01-19,,,0.0,0.0,0.0,PROP PARCEIRO,,2025-02-11
A792A878-4,8FD8F702,Cavalcanti,57.120.826/7734-00,CORPORATE,Qualificação,V001,Ana Paula Ferreira,2024-11-20,,,0.0,0.0,0.0,PROP NEOGRID,,2024-12-15
B0AC04B4-B,136ABA6F,Aragão S.A.,44.472.126/4647-00,CORPORATE,Qualificação,V007,Helena Costa,2026-03-27,,,0.0,0.0,0.0,PROP PARCEIRO,,2026-03-30
E15B2E54-7,18B11F1A,Câmara,37.575.844/1986-00,MIDDLE,Qualificação,V006,Gabriel Rocha,2025-06-16,,,0.0,0.0,0.0,PROP NEOGRID,,2025-08-12
157427C2-A,7E995ADB,Rocha e Filhos,14.294.019/6556-00,CORPORATE,Negociação,V007,Helena Costa,2024-07-13,,,0.0,0.0,0.0,PROP PARCEIRO,,2024-08-23
38F12989-3,0CB8182B,Novais,64.381.561/4978-00,MIDDLE,Proposta enviada,V008,Igor Nascimento,2025-10-13,,,0.0,0.0,0.0,PROP PARCEIRO,,2025-11-03
E22FEBA0-0,E10DE2E4,Moraes Melo e Filhos,15.451.680/8760-00,MIDDLE,Negociação,V004,Diego Souza,2024-11-17,,,0.0,0.0,0.0,PROP,,2024-12-19
E21C0CF8-2,D1202414,Gomes Correia - EI,55.188.442/2583-00,MIDDLE,Proposta enviada,V004,Diego Souza,2026-04-10,,,0.0,0.0,0.0,PROP PARCEIRO,,2026-04-26
CAD2B9E7-1,0F362584,Teixeira,87.403.450/5415-00,CORPORATE,Ganho (CORPORATE),V005,Fernanda Lima,2025-02-25,2025-07-09,134.0,13283.14,18392.4,31675.54,PROP NEOGRID,,2025-03-13
A42AAD19-A,CA607380,Ramos,20.643.611/0371-00,MIDDLE,Prospecção,V003,Carla Mendes,2025-01-29,,,0.0,0.0,0.0,PROP NEOGRID,,2025-02-19
609CBA01-8,15E4AE09,Cirino,59.514.846/5648-00,CORPORATE,Negociação,V002,Bruno Carvalho,2025-05-10,,,0.0,0.0,0.0,PROP PARCEIRO,,2025-06-15
A2CD4B0D-5,B8994D0D,da Costa,79.252.419/1380-00,CORPORATE,Negociação,V002,Bruno Carvalho,2026-01-16,,,0.0,0.0,0.0,PROP NEOGRID,,2026-02-14
5ADC0F13-9,4DEAC070,Melo Alves - EI,53.017.426/8414-00,CORPORATE,Prospecção,V007,Helena Costa,2025-03-08,,,0.0,0.0,0.0,PROP,,2025-04-07
85732716-C,E21D20A5,Teixeira e Filhos,68.733.950/0479-00,CORPORATE,Qualificação,V005,Fernanda Lima,2024-06-09,,,0.0,0.0,0.0,PROP PARCEIRO,,2024-07-28
D690F493-9,D1DFBA49,Gomes Marques Ltda.,83.982.258/7139-00,MIDDLE,Ganho (MIDDLE),V008,Igor Nascimento,2024-07-21,2024-11-11,113.0,14951.16,21292.5,36243.66,PROP NEOGRID,,2024-09-05
44933D41-A,E21D20A5,Teixeira e Filhos,68.733.950/0479-00,MIDDLE,Ganho (MIDDLE),V004,Diego Souza,2024-12-02,2025-01-08,37.0,7786.7,14815.96,22602.66,PROP PARCEIRO,,2025-01-03
50D2231C-9,98F57D6E,Cassiano,46.786.691/2517-00,CORPORATE,Proposta enviada,V007,Helena Costa,2025-01-04,,,0.0,0.0,0.0,PROP PARCEIRO,,2025-01-27
1AF00BFC-0,8FD8F702,Cavalcanti,57.120.826/7734-00,CORPORATE,Proposta enviada,V007,Helena Costa,2026-01-11,,,0.0,0.0,0.0,PROP,,2026-02-13
8BC8FFCC-C,0D7C130F,Leão,89.691.085/8994-00,CORPORATE,Prospecção,V005,Fernanda Lima,2025-04-15,,,0.0,0.0,0.0,PROP,,2025-04-24
93815F6A-6,B4F9271B,Leão,27.484.677/3782-00,MIDDLE,Prospecção,V006,Gabriel Rocha,2025-07-17,,,0.0,0.0,0.0,PROP NEOGRID,,2025-07-17
FECDB445-7,8DA571B6,Pinto Marques e Filhos,77.514.010/5123-00,CORPORATE,Proposta enviada,V001,Ana Paula Ferreira,2026-03-19,,,0.0,0.0,0.0,PROP PARCEIRO,,2026-04-16
498754AD-2,E9D19EFB,Sales,84.443.106/9872-00,MIDDLE,Negociação,V008,Igor Nascimento,2024-08-21,,,0.0,0.0,0.0,PROP PARCEIRO,,2024-09-19
9F28B01A-E,44E554CB,Rocha Silveira e Filhos,87.431.527/4205-00,MIDDLE,Proposta enviada,V004,Diego Souza,2025-06-04,,,0.0,0.0,0.0,PROP PARCEIRO,,2025-06-30
6CAE421C-A,D9846E1E,Nascimento,66.156.545/2711-00,MIDDLE,Prospecção,V008,Igor Nascimento,2025-05-21,,,0.0,0.0,0.0,PROP NEOGRID,,2025-07-07
B76B89EF-8,E07C1996,Sousa S.A.,11.526.218/1599-00,MIDDLE,Proposta enviada,V004,Diego Souza,2026-04-08,,,0.0,0.0,0.0,PROP PARCEIRO,,2026-04-27
C43FD779-8,B4F9271B,Leão,27.484.677/3782-00,CORPORATE,Proposta enviada,V001,Ana Paula Ferreira,2025-10-18,,,0.0,0.0,0.0,PROP,,2025-11-23
37E0252F-C,F0F7CBA0,Aparecida,09.133.412/3281-00,CORPORATE,Negociação,V001,Ana Paula Ferreira,2025-12-31,,,0.0,0.0,0.0,PROP,,2026-01-17
EED8E8D9-A,292D3B5B,Porto,99.309.728/9623-00,CORPORATE,Prospecção,V007,Helena Costa,2026-02-06,,,0.0,0.0,0.0,PROP NEOGRID,,2026-03-15
29113B62-3,0D7C130F,Leão,89.691.085/8994-00,CORPORATE,Qualificação,V001,Ana Paula Ferreira,2025-05-20,,,0.0,0.0,0.0,PROP PARCEIRO,,2025-06-09
56EAE9CA-3,85FA5A07,Camargo Martins S/A,43.102.786/8144-00,MIDDLE,Prospecção,V003,Carla Mendes,2026-01-22,,,0.0,0.0,0.0,PROP,,2026-02-07
77DF09AB-2,D2457A9D,Oliveira e Filhos,05.151.864/4925-00,CORPORATE,Prospecção,V007,Helena Costa,2024-06-08,,,0.0,0.0,0.0,PROP NEOGRID,,2024-06-19
F644C623-F,35EF0143,Vasconcelos,06.296.201/5336-00,CORPORATE,Negociação,V005,Fernanda Lima,2025-03-30,,,0.0,0.0,0.0,PROP NEOGRID,,2025-04-15
5E06625F-8,E9D19EFB,Sales,84.443.106/9872-00,MIDDLE,Perdido,V003,Carla Mendes,2026-03-11,2026-05-06,56.0,0.0,0.0,0.0,PROP,Projeto cancelado,2026-04-12
4E9E9EA3-D,0A5A4D0E,Silveira,77.997.995/5271-00,MIDDLE,Perdido,V006,Gabriel Rocha,2026-03-02,2026-05-27,86.0,0.0,0.0,0.0,PROP NEOGRID,Preço alto,2026-03-28
48797700-F,D37CC67F,Pastor Cunha S.A.,69.033.119/0790-00,CORPORATE,Ganho (CORPORATE),V001,Ana Paula Ferreira,2025-08-01,2025-12-25,146.0,77260.6,104513.64,181774.24,PROP,,2025-09-18
E3BA08AA-4,03736618,Correia,65.827.109/1043-00,CORPORATE,Qualificação,V007,Helena Costa,2025-02-01,,,0.0,0.0,0.0,PROP,,2025-03-23
880A14EE-E,F1DD5D76,Caldeira,08.470.076/6177-00,CORPORATE,Qualificação,V002,Bruno Carvalho,2025-08-25,,,0.0,0.0,0.0,PROP PARCEIRO,,2025-09-22
848E7767-C,9DAB14E0,Silveira Macedo S/A,94.043.898/3640-00,CORPORATE,Prospecção,V007,Helena Costa,2024-08-06,,,0.0,0.0,0.0,PROP,,2024-08-09
A6682B99-0,D02BDC69,Leão Gomes - EI,09.743.953/3942-00,MIDDLE,Prospecção,V006,Gabriel Rocha,2024-06-06,,,0.0,0.0,0.0,PROP PARCEIRO,,2024-06-19
5D982017-7,E10DE2E4,Moraes Melo e Filhos,15.451.680/8760-00,MIDDLE,Prospecção,V003,Carla Mendes,2025-06-30,,,0.0,0.0,0.0,PROP,,2025-08-15
A866723A-6,3BE386AF,Marques - EI,89.373.467/0656-00,MIDDLE,Ganho (MIDDLE),V004,Diego Souza,2024-08-16,2024-12-28,134.0,14403.84,10912.51,25316.35,PROP PARCEIRO,,2024-10-15
551F6646-5,3F5B5AAB,Campos Costa S.A.,58.693.806/8687-00,MIDDLE,Proposta enviada,V008,Igor Nascimento,2025-07-28,,,0.0,0.0,0.0,PROP NEOGRID,,2025-08-10
9D239241-0,895AB29C,Vargas Cardoso - ME,85.646.799/7024-00,MIDDLE,Perdido,V006,Gabriel Rocha,2026-04-17,2026-05-26,39.0,0.0,0.0,0.0,PROP NEOGRID,Preço alto,2026-06-13
6E9D6C05-9,3E9184C1,Cavalcanti e Filhos,34.125.286/6929-00,CORPORATE,Proposta enviada,V007,Helena Costa,2024-10-11,,,0.0,0.0,0.0,PROP NEOGRID,,2024-11-14
FEA1EB73-5,2EAE5DBC,Moraes Monteiro S/A,63.116.566/7010-00,CORPORATE,Negociação,V001,Ana Paula Ferreira,2024-10-29,,,0.0,0.0,0.0,PROP PARCEIRO,,2024-11-26
660CCB09-B,05976912,Silva Fernandes S.A.,12.419.049/6631-00,CORPORATE,Qualificação,V007,Helena Costa,2024-08-26,,,0.0,0.0,0.0,PROP PARCEIRO,,2024-08-26
4E0E0ECE-E,1F7D8ED3,Alves,74.801.624/5650-00,CORPORATE,Qualificação,V002,Bruno Carvalho,2025-02-02,,,0.0,0.0,0.0,PROP NEOGRID,,2025-03-17
2E77D094-6,76612A05,Vieira Rodrigues - ME,51.333.872/6247-00,MIDDLE,Prospecção,V006,Gabriel Rocha,2025-09-19,,,0.0,0.0,0.0,PROP NEOGRID,,2025-09-21
4C07D163-D,00CD3931,Castro Ltda.,22.170.430/3054-00,MIDDLE,Qualificação,V004,Diego Souza,2026-04-26,,,0.0,0.0,0.0,PROP NEOGRID,,2026-05-03
E4555414-1,CA607380,Ramos,20.643.611/0371-00,MIDDLE,Proposta enviada,V008,Igor Nascimento,2025-11-10,,,0.0,0.0,0.0,PROP PARCEIRO,,2025-12-23
5D9853BD-D,4E9414EC,Peixoto Ltda.,91.699.854/3534-00,CORPORATE,Prospecção,V002,Bruno Carvalho,2026-02-26,,,0.0,0.0,0.0,PROP,,2026-04-23
AA994E3E-B,A8114FDD,Rocha,90.659.401/3990-00,MIDDLE,Prospecção,V003,Carla Mendes,2024-06-08,,,0.0,0.0,0.0,PROP PARCEIRO,,2024-08-03
E0B2D147-5,5D989E38,da Mota,85.156.915/4522-00,MIDDLE,Prospecção,V008,Igor Nascimento,2024-07-16,,,0.0,0.0,0.0,PROP NEOGRID,,2024-08-12
2900FFC6-E,40CB2399,Andrade,09.690.295/9391-00,MIDDLE,Prospecção,V008,Igor Nascimento,2024-12-12,,,0.0,0.0,0.0,PROP PARCEIRO,,2024-12-26
93A7CD49-C,0CB8182B,Novais,64.381.561/4978-00,CORPORATE,Prospecção,V007,Helena Costa,2024-11-04,,,0.0,0.0,0.0,PROP,,2024-11-25
EA4331C2-D,4DEAC070,Melo Alves - EI,53.017.426/8414-00,CORPORATE,Ganho (CORPORATE),V001,Ana Paula Ferreira,2025-09-14,2026-01-05,113.0,76833.18,138379.33,215212.51,PROP,,2025-09-24
0A3678D1-5,F6A3D576,Castro,60.466.183/9826-00,MIDDLE,Qualificação,V003,Carla Mendes,2026-04-05,,,0.0,0.0,0.0,PROP PARCEIRO,,2026-05-26
D28BA5D1-B,2A632D57,Jesus,71.369.594/4064-00,MIDDLE,Ganho (MIDDLE),V004,Diego Souza,2026-01-13,2026-05-19,126.0,4337.03,11542.46,15879.49,PROP,,2026-03-06
67A1A111-7,D0C05227,das Neves,84.270.103/9308-00,MIDDLE,Qualificação,V004,Diego Souza,2026-02-18,,,0.0,0.0,0.0,PROP,,2026-03-30
7D7C76F5-5,B05CCE3F,Fonseca,51.355.215/7043-00,MIDDLE,Proposta enviada,V003,Carla Mendes,2026-03-02,,,0.0,0.0,0.0,PROP PARCEIRO,,2026-03-06
B4450346-1,96BC0D6D,Viana,56.551.256/7468-00,CORPORATE,Prospecção,V007,Helena Costa,2026-03-08,,,0.0,0.0,0.0,PROP,,2026-03-14
108CB187-A,F6B87222,Moura - EI,25.537.147/8596-00,CORPORATE,Proposta enviada,V005,Fernanda Lima,2025-04-08,,,0.0,0.0,0.0,PROP NEOGRID,,2025-04-22
0F61CE6F-1,340D6983,Jesus Alves S.A.,77.014.363/4957-00,CORPORATE,Qualificação,V007,Helena Costa,2025-02-19,,,0.0,0.0,0.0,PROP NEOGRID,,2025-04-01
0708A0CB-4,865AC4FF,Câmara,94.078.161/8495-00,CORPORATE,Qualificação,V005,Fernanda Lima,2024-09-09,,,0.0,0.0,0.0,PROP PARCEIRO,,2024-10-24
F05FD594-1,D8CC5EEA,Castro,70.477.434/9021-00,CORPORATE,Proposta enviada,V002,Bruno Carvalho,2024-09-24,,,0.0,0.0,0.0,PROP NEOGRID,,2024-10-20
190C25BE-5,0313E25E,da Rocha,61.125.457/3875-00,MIDDLE,Negociação,V008,Igor Nascimento,2025-10-25,,,0.0,0.0,0.0,PROP,,2025-11-02
957DB1B5-5,73515AF9,Duarte,40.244.550/2296-00,MIDDLE,Proposta enviada,V006,Gabriel Rocha,2025-06-19,,,0.0,0.0,0.0,PROP,,2025-06-28
F544C30A-8,80060E8D,Alves e Filhos,10.433.218/1960-00,MIDDLE,Qualificação,V006,Gabriel Rocha,2025-07-09,,,0.0,0.0,0.0,PROP PARCEIRO,,2025-08-20
BC09CD83-0,0A460F9D,Vieira e Filhos,53.693.785/4777-00,CORPORATE,Prospecção,V001,Ana Paula Ferreira,2025-02-25,,,0.0,0.0,0.0,PROP PARCEIRO,,2025-04-24
1D94B68B-7,A63232B5,Pires,67.242.388/4969-00,CORPORATE,Negociação,V005,Fernanda Lima,2025-10-22,,,0.0,0.0,0.0,PROP NEOGRID,,2025-11-29
4B3733C1-9,FED99D3B,da Paz Fogaça S/A,83.806.578/7598-00,MIDDLE,Ganho (MIDDLE),V006,Gabriel Rocha,2024-08-11,2024-10-31,81.0,6861.73,6543.84,13405.57,PROP NEOGRID,,2024-10-06
B926F03D-6,3F5B5AAB,Campos Costa S.A.,58.693.806/8687-00,CORPORATE,Qualificação,V001,Ana Paula Ferreira,2024-07-18,,,0.0,0.0,0.0,PROP PARCEIRO,,2024-07-31
EF62FFD7-F,3BE386AF,Marques - EI,89.373.467/0656-00,CORPORATE,Qualificação,V005,Fernanda Lima,2025-04-14,,,0.0,0.0,0.0,PROP,,2025-05-07
04FE38DD-3,82B4894F,Montenegro,72.190.340/4384-00,CORPORATE,Prospecção,V001,Ana Paula Ferreira,2024-10-12,,,0.0,0.0,0.0,PROP,,2024-11-21
5CF9E884-D,E9C14CE5,Martins e Filhos,15.220.472/7790-00,MIDDLE,Prospecção,V003,Carla Mendes,2025-10-12,,,0.0,0.0,0.0,PROP NEOGRID,,2025-11-27
D85AF99F-1,51FAAFB8,Montenegro Pereira S/A,26.542.351/1615-00,CORPORATE,Qualificação,V002,Bruno Carvalho,2025-11-02,,,0.0,0.0,0.0,PROP NEOGRID,,2025-12-30
12C78F80-C,BE257CCE,Pacheco,53.046.374/5499-00,CORPORATE,Prospecção,V002,Bruno Carvalho,2025-04-10,,,0.0,0.0,0.0,PROP NEOGRID,,2025-06-08
6519330D-B,081D6A22,Souza - EI,32.719.374/5299-00,CORPORATE,Qualificação,V002,Bruno Carvalho,2025-04-20,,,0.0,0.0,0.0,PROP PARCEIRO,,2025-06-10
C0586E3F-D,CDABD7E0,Gomes - ME,75.618.537/4741-00,MIDDLE,Ganho (MIDDLE),V003,Carla Mendes,2026-01-02,2026-02-12,41.0,13358.12,5662.25,19020.37,PROP,,2026-01-14
3B7DFF9E-B,F2130614,da Mata Novaes S.A.,20.297.021/3556-00,MIDDLE,Proposta enviada,V006,Gabriel Rocha,2024-08-28,,,0.0,0.0,0.0,PROP,,2024-10-15
7F68BCD4-B,F6B87222,Moura - EI,25.537.147/8596-00,CORPORATE,Ganho (CORPORATE),V005,Fernanda Lima,2025-12-02,2026-02-28,88.0,23537.87,98124.28,121662.15,PROP NEOGRID,,2026-01-26
22FFA4E5-5,5D989E38,da Mota,85.156.915/4522-00,CORPORATE,Ganho (CORPORATE),V007,Helena Costa,2025-10-01,2025-10-26,25.0,63849.89,120739.61,184589.5,PROP PARCEIRO,,2025-10-05
FB741E42-7,6291F3E1,Caldeira,80.339.740/1489-00,CORPORATE,Qualificação,V005,Fernanda Lima,2024-12-09,,,0.0,0.0,0.0,PROP PARCEIRO,,2025-01-01
31966098-9,FC66389E,Rodrigues,27.828.274/2257-00,MIDDLE,Negociação,V008,Igor Nascimento,2025-01-03,,,0.0,0.0,0.0,PROP PARCEIRO,,2025-02-13
E6F15219-3,C7BEDB4D,Andrade Ltda.,33.918.785/1910-00,CORPORATE,Prospecção,V002,Bruno Carvalho,2025-01-26,,,0.0,0.0,0.0,PROP NEOGRID,,2025-02-22
90D30D9B-3,2AF4CA37,Aparecida Dias Ltda.,34.768.701/4626-00,MIDDLE,Proposta enviada,V006,Gabriel Rocha,2025-08-16,,,0.0,0.0,0.0,PROP,,2025-09-03
11691C3E-F,76612A05,Vieira Rodrigues - ME,51.333.872/6247-00,MIDDLE,Qualificação,V004,Diego Souza,2024-09-13,,,0.0,0.0,0.0,PROP NEOGRID,,2024-10-10
30591E9D-A,B0E94619,Sá,76.137.918/0552-00,MIDDLE,Qualificação,V008,Igor Nascimento,2025-04-22,,,0.0,0.0,0.0,PROP NEOGRID,,2025-04-23
4601D75B-8,0A460F9D,Vieira e Filhos,53.693.785/4777-00,CORPORATE,Qualificação,V005,Fernanda Lima,2024-07-12,,,0.0,0.0,0.0,PROP NEOGRID,,2024-09-03
A4BFFE97-3,87F094D1,Nunes,34.578.610/3579-00,CORPORATE,Negociação,V002,Bruno Carvalho,2026-01-23,,,0.0,0.0,0.0,PROP PARCEIRO,,2026-02-04
4751E611-9,A8114FDD,Rocha,90.659.401/3990-00,MIDDLE,Prospecção,V006,Gabriel Rocha,2025-08-20,,,0.0,0.0,0.0,PROP PARCEIRO,,2025-10-13
32208267-1,AD09D08B,Lopes,99.938.677/4964-00,MIDDLE,Prospecção,V004,Diego Souza,2024-10-24,,,0.0,0.0,0.0,PROP NEOGRID,,2024-11-11
13AA494E-7,FC66389E,Rodrigues,27.828.274/2257-00,MIDDLE,Negociação,V008,Igor Nascimento,2025-03-14,,,0.0,0.0,0.0,PROP,,2025-04-13
DE3F3F6C-8,3993A10A,Rios Caldeira Ltda.,94.808.313/6783-00,CORPORATE,Ganho (CORPORATE),V002,Bruno Carvalho,2025-09-13,2025-11-10,58.0,40582.87,82215.55,122798.42,PROP PARCEIRO,,2025-10-31
881EF774-5,136ABA6F,Aragão S.A.,44.472.126/4647-00,MIDDLE,Negociação,V008,Igor Nascimento,2025-05-20,,,0.0,0.0,0.0,PROP,,2025-06-16
E75556F0-5,9641BB51,Cavalcante,99.606.530/7450-00,MIDDLE,Prospecção,V008,Igor Nascimento,2024-10-09,,,0.0,0.0,0.0,PROP,,2024-10-28
C86A664C-D,340D6983,Jesus Alves S.A.,77.014.363/4957-00,CORPORATE,Qualificação,V005,Fernanda Lima,2025-05-21,,,0.0,0.0,0.0,PROP NEOGRID,,2025-07-08
E3F02C07-6,87762197,Vasconcelos,26.343.517/5183-00,MIDDLE,Qualificação,V003,Carla Mendes,2024-09-29,,,0.0,0.0,0.0,PROP,,2024-11-28
3BE38A90-6,F1BAE541,Fernandes Vargas - ME,11.554.262/2189-00,MIDDLE,Proposta enviada,V008,Igor Nascimento,2025-04-08,,,0.0,0.0,0.0,PROP PARCEIRO,,2025-05-02
981430CD-0,3DF31231,Monteiro e Filhos,33.334.680/0722-00,CORPORATE,Qualificação,V005,Fernanda Lima,2024-09-27,,,0.0,0.0,0.0,PROP NEOGRID,,2024-10-02
A176F258-9,E252C667,Pires,45.562.386/9222-00,CORPORATE,Prospecção,V002,Bruno Carvalho,2026-04-01,,,0.0,0.0,0.0,PROP,,2026-04-12
D3A47F93-0,03736618,Correia,65.827.109/1043-00,CORPORATE,Prospecção,V007,Helena Costa,2025-07-17,,,0.0,0.0,0.0,PROP PARCEIRO,,2025-07-21
1EB498E6-B,3E9184C1,Cavalcanti e Filhos,34.125.286/6929-00,MIDDLE,Prospecção,V003,Carla Mendes,2025-11-09,,,0.0,0.0,0.0,PROP NEOGRID,,2025-11-19
A1DE4A72-2,CA607380,Ramos,20.643.611/0371-00,CORPORATE,Prospecção,V007,Helena Costa,2024-12-30,,,0.0,0.0,0.0,PROP,,2025-01-07
DC8FB19A-5,BFAA86F5,da Mata,16.453.521/8188-00,CORPORATE,Qualificação,V007,Helena Costa,2025-11-22,,,0.0,0.0,0.0,PROP PARCEIRO,,2025-12-04
F26544D8-2,098EC135,Pastor Pacheco S.A.,62.890.233/0307-00,MIDDLE,Prospecção,V003,Carla Mendes,2025-12-08,,,0.0,0.0,0.0,PROP PARCEIRO,,2026-01-28
84D2C016-4,123B43D6,Albuquerque,16.152.809/8851-00,CORPORATE,Proposta enviada,V007,Helena Costa,2025-01-17,,,0.0,0.0,0.0,PROP,,2025-02-04
1B6D654D-1,DC440577,Mendonça Câmara Ltda.,85.884.247/4517-00,MIDDLE,Qualificação,V006,Gabriel Rocha,2025-03-29,,,0.0,0.0,0.0,PROP,,2025-04-24
1529DCD7-1,E087B7FC,Rocha,47.055.169/4097-00,CORPORATE,Prospecção,V007,Helena Costa,2025-01-20,,,0.0,0.0,0.0,PROP PARCEIRO,,2025-02-25
645278CA-0,93544373,Câmara Azevedo Ltda.,42.786.801/1280-00,CORPORATE,Qualificação,V001,Ana Paula Ferreira,2025-08-31,,,0.0,0.0,0.0,PROP PARCEIRO,,2025-10-04
AC1A745F-E,99E63C6C,Melo,54.195.180/2380-00,MIDDLE,Proposta enviada,V003,Carla Mendes,2025-09-23,,,0.0,0.0,0.0,PROP PARCEIRO,,2025-09-30
5A0FEB8F-8,747C5FE6,Sampaio,33.272.795/6878-00,MIDDLE,Prospecção,V003,Carla Mendes,2024-12-03,,,0.0,0.0,0.0,PROP NEOGRID,,2024-12-13
E0EB0438-9,65DFF55B,Cardoso Viana - EI,86.863.375/2431-00,MIDDLE,Prospecção,V003,Carla Mendes,2025-01-15,,,0.0,0.0,0.0,PROP PARCEIRO,,2025-03-03
E91C7BE4-7,190693B7,Novaes,99.471.746/4887-00,MIDDLE,Qualificação,V008,Igor Nascimento,2025-10-16,,,0.0,0.0,0.0,PROP,,2025-11-30
1FE61B5D-2,B05CCE3F,Fonseca,51.355.215/7043-00,CORPORATE,Qualificação,V007,Helena Costa,2024-12-23,,,0.0,0.0,0.0,PROP PARCEIRO,,2025-01-07
EB31098B-D,3D311D83,Jesus Rezende S.A.,44.736.471/0276-00,MIDDLE,Prospecção,V006,Gabriel Rocha,2025-11-19,,,0.0,0.0,0.0,PROP,,2025-11-30
FC54488A-E,9758ED2C,Souza Ltda.,87.083.172/7889-00,MIDDLE,Prospecção,V008,Igor Nascimento,2025-11-12,,,0.0,0.0,0.0,PROP PARCEIRO,,2025-11-29
E9A0DC8B-1,44E554CB,Rocha Silveira e Filhos,87.431.527/4205-00,CORPORATE,Qualificação,V002,Bruno Carvalho,2025-09-24,,,0.0,0.0,0.0,PROP PARCEIRO,,2025-10-07
65A59DC6-4,D0C05227,das Neves,84.270.103/9308-00,MIDDLE,Proposta enviada,V003,Carla Mendes,2025-03-30,,,0.0,0.0,0.0,PROP PARCEIRO,,2025-03-30
2CA5AC9E-D,48642A3D,Barros Ltda.,85.445.877/1753-00,CORPORATE,Negociação,V002,Bruno Carvalho,2025-08-21,,,0.0,0.0,0.0,PROP,,2025-08-22
F2F8900D-3,ECBA0C96,Gonçalves,59.212.499/8569-00,MIDDLE,Prospecção,V003,Carla Mendes,2025-05-23,,,0.0,0.0,0.0,PROP,,2025-06-06
9043E22B-7,BA97B2C4,Abreu,04.709.521/4562-00,CORPORATE,Negociação,V002,Bruno Carvalho,2025-11-13,,,0.0,0.0,0.0,PROP NEOGRID,,2025-12-03
30473B74-4,2A632D57,Jesus,71.369.594/4064-00,CORPORATE,Proposta enviada,V007,Helena Costa,2025-02-19,,,0.0,0.0,0.0,PROP NEOGRID,,2025-03-11
DFE2902C-0,4DEAC070,Melo Alves - EI,53.017.426/8414-00,CORPORATE,Prospecção,V005,Fernanda Lima,2026-04-21,,,0.0,0.0,0.0,PROP,,2026-06-02
0E823F2D-5,51AA03AD,Oliveira,17.248.251/3534-00,MIDDLE,Proposta enviada,V006,Gabriel Rocha,2026-03-20,,,0.0,0.0,0.0,PROP NEOGRID,,2026-05-08
275D7AD1-1,E3575942,Duarte,24.342.661/7979-00,MIDDLE,Perdido,V003,Carla Mendes,2024-10-31,2025-03-30,150.0,0.0,0.0,0.0,PROP PARCEIRO,Sem budget,2024-12-10
450E9E00-8,CE107748,Ribeiro,70.805.310/0330-00,MIDDLE,Proposta enviada,V004,Diego Souza,2025-05-28,,,0.0,0.0,0.0,PROP PARCEIRO,,2025-06-17
38C59DD6-0,EACF940B,Azevedo,55.110.475/4121-00,MIDDLE,Prospecção,V003,Carla Mendes,2024-08-18,,,0.0,0.0,0.0,PROP PARCEIRO,,2024-09-27
10100AA5-D,73881171,Caldeira Sampaio Ltda.,78.961.183/6736-00,CORPORATE,Qualificação,V001,Ana Paula Ferreira,2025-09-07,,,0.0,0.0,0.0,PROP,,2025-09-26
72AB906F-0,D02BDC69,Leão Gomes - EI,09.743.953/3942-00,CORPORATE,Negociação,V002,Bruno Carvalho,2024-08-07,,,0.0,0.0,0.0,PROP NEOGRID,,2024-08-25
3720E7A5-B,99E63C6C,Melo,54.195.180/2380-00,CORPORATE,Prospecção,V002,Bruno Carvalho,2024-07-15,,,0.0,0.0,0.0,PROP PARCEIRO,,2024-09-13
0B1008F0-E,7E995ADB,Rocha e Filhos,14.294.019/6556-00,MIDDLE,Negociação,V006,Gabriel Rocha,2025-12-17,,,0.0,0.0,0.0,PROP,,2026-01-19
274BF7C1-2,4283A2A1,Moura,01.938.026/2067-00,MIDDLE,Proposta enviada,V006,Gabriel Rocha,2026-04-09,,,0.0,0.0,0.0,PROP NEOGRID,,2026-04-24
1ABA3541-C,DC440577,Mendonça Câmara Ltda.,85.884.247/4517-00,CORPORATE,Proposta enviada,V002,Bruno Carvalho,2025-09-18,,,0.0,0.0,0.0,PROP NEOGRID,,2025-09-29
060A932F-C,31D8B33E,Santos,14.677.418/6256-00,MIDDLE,Proposta enviada,V003,Carla Mendes,2024-12-16,,,0.0,0.0,0.0,PROP PARCEIRO,,2024-12-25
CAFC1ED7-2,3CBA372A,Garcia,60.932.048/9964-00,CORPORATE,Prospecção,V002,Bruno Carvalho,2024-09-04,,,0.0,0.0,0.0,PROP,,2024-09-19
B39E3B83-3,E5E76FA6,Lima,33.173.936/3854-00,CORPORATE,Qualificação,V007,Helena Costa,2025-06-19,,,0.0,0.0,0.0,PROP NEOGRID,,2025-06-30
8B0CEA77-2,E07C1996,Sousa S.A.,11.526.218/1599-00,CORPORATE,Qualificação,V007,Helena Costa,2024-07-22,,,0.0,0.0,0.0,PROP NEOGRID,,2024-07-27
C480B28A-3,9DAB14E0,Silveira Macedo S/A,94.043.898/3640-00,MIDDLE,Qualificação,V004,Diego Souza,2025-01-06,,,0.0,0.0,0.0,PROP PARCEIRO,,2025-02-02
643E67F3-5,5D989E38,da Mota,85.156.915/4522-00,CORPORATE,Negociação,V007,Helena Costa,2026-04-13,,,0.0,0.0,0.0,PROP,,2026-05-31
C744C6B9-1,A7659693,Melo - ME,50.723.688/7676-00,MIDDLE,Proposta enviada,V004,Diego Souza,2024-10-14,,,0.0,0.0,0.0,PROP NEOGRID,,2024-11-02
3EB56A24-1,7965BC2E,Aparecida,50.305.641/3953-00,MIDDLE,Prospecção,V008,Igor Nascimento,2026-02-19,,,0.0,0.0,0.0,PROP,,2026-02-28
F0D55878-B,E450BF36,Sá Moraes S/A,96.575.692/4593-00,CORPORATE,Prospecção,V005,Fernanda Lima,2024-12-16,,,0.0,0.0,0.0,PROP NEOGRID,,2025-02-01
DD7E3D78-1,ABFE031C,Macedo,43.289.861/4341-00,MIDDLE,Qualificação,V006,Gabriel Rocha,2024-07-16,,,0.0,0.0,0.0,PROP,,2024-09-12
7112971F-E,E9481F1B,Lima Camargo - EI,81.412.478/2613-00,CORPORATE,Qualificação,V002,Bruno Carvalho,2025-10-17,,,0.0,0.0,0.0,PROP PARCEIRO,,2025-11-08
028C61BD-2,40CB2399,Andrade,09.690.295/9391-00,MIDDLE,Proposta enviada,V006,Gabriel Rocha,2026-03-05,,,0.0,0.0,0.0,PROP PARCEIRO,,2026-03-20
07E50F7D-E,BF8D99BB,Caldeira Ferreira - EI,25.039.261/4293-00,CORPORATE,Qualificação,V005,Fernanda Lima,2024-07-26,,,0.0,0.0,0.0,PROP PARCEIRO,,2024-09-05
AD31D211-6,63239232,Sá Martins - EI,01.836.675/2545-00,CORPORATE,Prospecção,V007,Helena Costa,2024-06-05,,,0.0,0.0,0.0,PROP PARCEIRO,,2024-08-04
BBCEAD91-F,59B00779,Barros,25.462.914/8652-00,CORPORATE,Prospecção,V001,Ana Paula Ferreira,2024-07-13,,,0.0,0.0,0.0,PROP PARCEIRO,,2024-08-19
C0C8BE53-0,1171D2F8,Silva,84.982.544/9481-00,CORPORATE,Qualificação,V002,Bruno Carvalho,2025-02-24,,,0.0,0.0,0.0,PROP PARCEIRO,,2025-03-15
4B4C4C7B-6,E5B82B59,da Costa,69.379.237/4740-00,MIDDLE,Proposta enviada,V008,Igor Nascimento,2026-02-01,,,0.0,0.0,0.0,PROP NEOGRID,,2026-03-25
0BD01C28-9,634848EC,da Rosa,34.944.665/7437-00,CORPORATE,Prospecção,V002,Bruno Carvalho,2025-03-22,,,0.0,0.0,0.0,PROP,,2025-05-13
F2427C94-2,5013BAAE,Almeida Pinto S.A.,83.933.529/0422-00,MIDDLE,Prospecção,V003,Carla Mendes,2025-03-02,,,0.0,0.0,0.0,PROP PARCEIRO,,2025-03-29
5F276192-E,796C49CA,Ribeiro,49.818.299/2299-00,CORPORATE,Prospecção,V002,Bruno Carvalho,2025-12-17,,,0.0,0.0,0.0,PROP,,2026-01-14
B5386226-A,0567375A,Vasconcelos Moreira - ME,81.685.054/2357-00,CORPORATE,Prospecção,V001,Ana Paula Ferreira,2025-10-28,,,0.0,0.0,0.0,PROP NEOGRID,,2025-11-25
E4ED831F-5,BB80B671,da Paz,58.929.750/0170-00,CORPORATE,Ganho (CORPORATE),V002,Bruno Carvalho,2026-02-11,2026-05-02,80.0,11428.03,27455.42,38883.45,PROP,,2026-03-04
33CE167B-F,E6484C2D,Pereira e Filhos,85.497.334/8434-00,CORPORATE,Proposta enviada,V007,Helena Costa,2024-12-23,,,0.0,0.0,0.0,PROP,,2025-01-09
8357A3FA-5,F5F6E12A,Gonçalves,86.179.327/1040-00,CORPORATE,Proposta enviada,V001,Ana Paula Ferreira,2026-01-24,,,0.0,0.0,0.0,PROP NEOGRID,,2026-03-03
5E892649-7,ABFE031C,Macedo,43.289.861/4341-00,MIDDLE,Perdido,V008,Igor Nascimento,2025-05-23,2025-10-29,159.0,0.0,0.0,0.0,PROP NEOGRID,Sem budget,2025-07-14
F2358622-5,FEF365CF,Barbosa Araújo S.A.,50.606.853/6153-00,CORPORATE,Perdido,V007,Helena Costa,2025-04-11,2025-09-19,161.0,0.0,0.0,0.0,PROP NEOGRID,Preço alto,2025-04-11
80028FF7-2,A9C1B795,Casa Grande Alves S/A,93.248.086/1317-00,MIDDLE,Ganho (MIDDLE),V008,Igor Nascimento,2025-12-12,2025-12-23,11.0,9426.73,26332.15,35758.88,PROP NEOGRID,,2026-02-10
EFB29B49-9,F0F7CBA0,Aparecida,09.133.412/3281-00,CORPORATE,Qualificação,V007,Helena Costa,2024-11-22,,,0.0,0.0,0.0,PROP PARCEIRO,,2025-01-21
D0DF449D-6,530D74E3,Macedo Macedo S.A.,06.403.910/6518-00,MIDDLE,Prospecção,V006,Gabriel Rocha,2026-03-18,,,0.0,0.0,0.0,PROP PARCEIRO,,2026-04-15
F3BF12FE-0,B4F9271B,Leão,27.484.677/3782-00,CORPORATE,Proposta enviada,V007,Helena Costa,2024-08-14,,,0.0,0.0,0.0,PROP NEOGRID,,2024-09-25
3C3DC352-F,91A2E92D,Cassiano,76.936.763/2016-00,CORPORATE,Negociação,V005,Fernanda Lima,2024-08-20,,,0.0,0.0,0.0,PROP PARCEIRO,,2024-10-15
DE0FF8A5-E,E179A851,Brito Brito e Filhos,30.365.414/5868-00,CORPORATE,Prospecção,V001,Ana Paula Ferreira,2025-06-29,,,0.0,0.0,0.0,PROP NEOGRID,,2025-07-09
B31AF6A9-1,0D73F4C4,da Costa,42.067.883/1712-00,MIDDLE,Perdido,V008,Igor Nascimento,2024-06-24,2024-11-14,143.0,0.0,0.0,0.0,PROP PARCEIRO,Preço alto,2024-06-30
B46F6E32-2,A7659693,Melo - ME,50.723.688/7676-00,MIDDLE,Perdido,V003,Carla Mendes,2025-11-20,2026-02-16,88.0,0.0,0.0,0.0,PROP,Sem budget,2026-01-01
18E9BA4D-C,D9846E1E,Nascimento,66.156.545/2711-00,MIDDLE,Perdido,V003,Carla Mendes,2024-06-21,2024-07-30,39.0,0.0,0.0,0.0,PROP NEOGRID,Preço alto,2024-08-10
0B186DD1-F,6FEED30D,Câmara,93.796.603/3419-00,MIDDLE,Ganho (MIDDLE),V003,Carla Mendes,2024-07-13,2024-10-13,92.0,6278.14,22088.4,28366.54,PROP PARCEIRO,,2024-08-28
235E591F-A,5D8AAD64,Dias,37.147.321/0469-00,MIDDLE,Proposta enviada,V008,Igor Nascimento,2025-09-07,,,0.0,0.0,0.0,PROP,,2025-09-14
848CC6B3-2,0A9DCD56,Sá,34.316.117/2400-00,CORPORATE,Qualificação,V002,Bruno Carvalho,2026-01-05,,,0.0,0.0,0.0,PROP NEOGRID,,2026-01-29
7A613590-B,EAFD64D9,Aragão - EI,11.998.679/8079-00,CORPORATE,Qualificação,V002,Bruno Carvalho,2025-04-01,,,0.0,0.0,0.0,PROP NEOGRID,,2025-05-22
C033A4B9-1,BE257CCE,Pacheco,53.046.374/5499-00,CORPORATE,Qualificação,V002,Bruno Carvalho,2026-01-14,,,0.0,0.0,0.0,PROP NEOGRID,,2026-02-03
22EC07DC-9,3E6D8016,Cassiano da Conceição - ME,48.217.594/6474-00,CORPORATE,Negociação,V005,Fernanda Lima,2025-09-21,,,0.0,0.0,0.0,PROP PARCEIRO,,2025-10-09
92C25BCE-B,0C17F01C,Teixeira - EI,25.135.427/8498-00,CORPORATE,Negociação,V001,Ana Paula Ferreira,2024-08-28,,,0.0,0.0,0.0,PROP PARCEIRO,,2024-09-04
5CF34A14-4,AB7C34F7,Leão,39.473.121/7271-00,MIDDLE,Perdido,V008,Igor Nascimento,2024-07-26,2024-09-24,60.0,0.0,0.0,0.0,PROP NEOGRID,Preço alto,2024-09-15
A08C66D8-1,292D3B5B,Porto,99.309.728/9623-00,MIDDLE,Prospecção,V004,Diego Souza,2025-09-15,,,0.0,0.0,0.0,PROP,,2025-11-08
C1809609-4,C545746A,Vargas,11.718.227/8248-00,MIDDLE,Negociação,V006,Gabriel Rocha,2024-06-27,,,0.0,0.0,0.0,PROP,,2024-08-01
4462469F-C,6055DD8F,Araújo,70.462.265/6766-00,MIDDLE,Qualificação,V008,Igor Nascimento,2025-05-12,,,0.0,0.0,0.0,PROP PARCEIRO,,2025-06-27
5C7B47D5-D,B05CCE3F,Fonseca,51.355.215/7043-00,MIDDLE,Prospecção,V004,Diego Souza,2024-10-19,,,0.0,0.0,0.0,PROP PARCEIRO,,2024-12-13
AFD5DF3B-0,2A321913,Ferreira,59.325.250/0292-00,CORPORATE,Ganho (CORPORATE),V005,Fernanda Lima,2025-01-20,2025-07-11,172.0,17277.09,29258.53,46535.62,PROP PARCEIRO,,2025-02-19
AB16FFF9-B,F0F7CBA0,Aparecida,09.133.412/3281-00,MIDDLE,Ganho (MIDDLE),V004,Diego Souza,2025-09-22,2025-11-16,55.0,11294.46,2255.71,13550.17,PROP PARCEIRO,,2025-11-15
2552D9C3-D,E3575942,Duarte,24.342.661/7979-00,CORPORATE,Proposta enviada,V002,Bruno Carvalho,2025-04-13,,,0.0,0.0,0.0,PROP,,2025-06-11
90D7E5F8-8,03736618,Correia,65.827.109/1043-00,CORPORATE,Prospecção,V007,Helena Costa,2025-11-01,,,0.0,0.0,0.0,PROP PARCEIRO,,2025-12-12
A1EDBF8E-D,65E68BDA,Campos,52.312.432/9212-00,MIDDLE,Proposta enviada,V004,Diego Souza,2024-07-30,,,0.0,0.0,0.0,PROP,,2024-08-14
B61939EC-B,1A913C89,Sampaio,72.151.070/2966-00,MIDDLE,Qualificação,V004,Diego Souza,2024-07-04,,,0.0,0.0,0.0,PROP PARCEIRO,,2024-08-15
6B3A498D-F,15D2C1B6,Montenegro,93.618.324/2102-00,CORPORATE,Negociação,V007,Helena Costa,2025-07-26,,,0.0,0.0,0.0,PROP,,2025-08-02
F9F78F3F-2,D0C05227,das Neves,84.270.103/9308-00,CORPORATE,Prospecção,V007,Helena Costa,2024-07-16,,,0.0,0.0,0.0,PROP,,2024-08-22
672D7FDB-7,93E2E7C6,Brito,30.756.220/8635-00,MIDDLE,Prospecção,V003,Carla Mendes,2024-09-03,,,0.0,0.0,0.0,PROP PARCEIRO,,2024-10-17
F620FF0A-4,190693B7,Novaes,99.471.746/4887-00,MIDDLE,Prospecção,V004,Diego Souza,2026-01-22,,,0.0,0.0,0.0,PROP PARCEIRO,,2026-02-02
82A06D5F-4,B423A580,Mendonça Cunha Ltda.,91.022.901/4767-00,MIDDLE,Negociação,V003,Carla Mendes,2025-03-26,,,0.0,0.0,0.0,PROP PARCEIRO,,2025-04-26
9377C289-2,06DCB309,Silva Casa Grande Ltda.,61.990.623/4456-00,CORPORATE,Qualificação,V001,Ana Paula Ferreira,2025-10-03,,,0.0,0.0,0.0,PROP,,2025-11-27
514E1E41-5,E385EF60,Araújo da Costa - EI,47.510.799/1183-00,CORPORATE,Prospecção,V007,Helena Costa,2025-06-16,,,0.0,0.0,0.0,PROP,,2025-07-27
90FD62AC-F,76612A05,Vieira Rodrigues - ME,51.333.872/6247-00,CORPORATE,Prospecção,V005,Fernanda Lima,2026-03-29,,,0.0,0.0,0.0,PROP NEOGRID,,2026-04-21
FBBFD622-5,65C21445,Abreu,30.980.500/9788-00,CORPORATE,Qualificação,V001,Ana Paula Ferreira,2025-08-22,,,0.0,0.0,0.0,PROP PARCEIRO,,2025-10-18
5F593BE2-C,F1E38AB7,da Mota S.A.,06.738.302/8439-00,MIDDLE,Proposta enviada,V008,Igor Nascimento,2025-12-11,,,0.0,0.0,0.0,PROP PARCEIRO,,2026-02-07
B9004DCA-D,32FECDEB,Guerra,63.834.657/8713-00,MIDDLE,Proposta enviada,V004,Diego Souza,2026-01-22,,,0.0,0.0,0.0,PROP,,2026-02-03
BBB486A5-4,80FF147A,Pastor,82.586.736/2266-00,CORPORATE,Prospecção,V002,Bruno Carvalho,2025-12-17,,,0.0,0.0,0.0,PROP NEOGRID,,2026-01-03
7342CF2A-6,B4F9271B,Leão,27.484.677/3782-00,CORPORATE,Negociação,V007,Helena Costa,2026-02-16,,,0.0,0.0,0.0,PROP PARCEIRO,,2026-04-14
4B759B60-4,0D73F4C4,da Costa,42.067.883/1712-00,CORPORATE,Qualificação,V001,Ana Paula Ferreira,2025-08-16,,,0.0,0.0,0.0,PROP,,2025-09-19
45659CD4-E,AD09D08B,Lopes,99.938.677/4964-00,CORPORATE,Prospecção,V005,Fernanda Lima,2024-07-24,,,0.0,0.0,0.0,PROP NEOGRID,,2024-08-29
3B2F4107-2,F88C5216,Silva - ME,66.253.244/7209-00,CORPORATE,Qualificação,V002,Bruno Carvalho,2025-06-14,,,0.0,0.0,0.0,PROP,,2025-07-22
BFDACF2A-4,F0F7CBA0,Aparecida,09.133.412/3281-00,CORPORATE,Prospecção,V001,Ana Paula Ferreira,2024-11-05,,,0.0,0.0,0.0,PROP,,2024-11-26
5999A451-D,2BD2BACE,da Luz Moura - EI,84.124.118/2449-00,CORPORATE,Qualificação,V005,Fernanda Lima,2025-07-28,,,0.0,0.0,0.0,PROP NEOGRID,,2025-07-28
036DE146-8,65E68BDA,Campos,52.312.432/9212-00,CORPORATE,Qualificação,V002,Bruno Carvalho,2025-04-11,,,0.0,0.0,0.0,PROP,,2025-04-22
25520EE3-7,B4F9271B,Leão,27.484.677/3782-00,MIDDLE,Proposta enviada,V008,Igor Nascimento,2026-01-26,,,0.0,0.0,0.0,PROP NEOGRID,,2026-03-02
E4C3CF11-B,3DF31231,Monteiro e Filhos,33.334.680/0722-00,MIDDLE,Proposta enviada,V003,Carla Mendes,2025-11-10,,,0.0,0.0,0.0,PROP,,2025-12-02
5CFB23FB-C,E10DE2E4,Moraes Melo e Filhos,15.451.680/8760-00,MIDDLE,Qualificação,V004,Diego Souza,2025-08-11,,,0.0,0.0,0.0,PROP,,2025-09-22
C0B7F4B9-C,796C49CA,Ribeiro,49.818.299/2299-00,CORPORATE,Prospecção,V005,Fernanda Lima,2026-03-10,,,0.0,0.0,0.0,PROP NEOGRID,,2026-04-24
D2390333-0,E3575942,Duarte,24.342.661/7979-00,CORPORATE,Proposta enviada,V007,Helena Costa,2025-01-20,,,0.0,0.0,0.0,PROP NEOGRID,,2025-02-21
E27FBA35-5,75876C41,Moura,78.108.013/2677-00,MIDDLE,Prospecção,V008,Igor Nascimento,2024-11-16,,,0.0,0.0,0.0,PROP,,2024-12-05
CF349181-E,6B9DBA05,Rezende,79.855.241/4060-00,CORPORATE,Perdido,V007,Helena Costa,2025-06-17,2025-07-15,28.0,0.0,0.0,0.0,PROP,Preço alto,2025-06-27
34D1AA50-9,7A77C339,Fernandes,26.758.692/6179-00,CORPORATE,Prospecção,V005,Fernanda Lima,2024-10-13,,,0.0,0.0,0.0,PROP,,2024-12-12
9B918BC8-0,31A3B43B,Dias S.A.,09.652.074/4666-00,MIDDLE,Proposta enviada,V004,Diego Souza,2024-12-28,,,0.0,0.0,0.0,PROP PARCEIRO,,2025-02-22
26A3D17F-A,ABFE031C,Macedo,43.289.861/4341-00,CORPORATE,Qualificação,V002,Bruno Carvalho,2026-04-26,,,0.0,0.0,0.0,PROP PARCEIRO,,2026-05-18
D44AEB10-6,E07C1996,Sousa S.A.,11.526.218/1599-00,CORPORATE,Perdido,V001,Ana Paula Ferreira,2024-08-20,2024-12-17,119.0,0.0,0.0,0.0,PROP PARCEIRO,Escolheu concorrente,2024-08-31
84BF88DC-D,063D6C77,Souza,40.049.915/4788-00,CORPORATE,Qualificação,V002,Bruno Carvalho,2024-11-23,,,0.0,0.0,0.0,PROP NEOGRID,,2024-12-17
2D9068B7-A,0313E25E,da Rocha,61.125.457/3875-00,CORPORATE,Qualificação,V001,Ana Paula Ferreira,2025-05-22,,,0.0,0.0,0.0,PROP PARCEIRO,,2025-07-15
E0FA66E7-E,F6F3DB72,Castro S/A,73.834.735/9774-00,CORPORATE,Prospecção,V007,Helena Costa,2025-07-07,,,0.0,0.0,0.0,PROP PARCEIRO,,2025-08-12
49061CA6-F,BF8D99BB,Caldeira Ferreira - EI,25.039.261/4293-00,MIDDLE,Prospecção,V006,Gabriel Rocha,2024-07-14,,,0.0,0.0,0.0,PROP NEOGRID,,2024-09-09
C7F6F693-9,C8CD2C82,Nogueira Cardoso e Filhos,34.216.073/3754-00,MIDDLE,Prospecção,V003,Carla Mendes,2024-08-11,,,0.0,0.0,0.0,PROP,,2024-08-11
60294B91-2,258375C9,Ribeiro S.A.,82.512.868/2300-00,MIDDLE,Ganho (MIDDLE),V004,Diego Souza,2025-03-18,2025-06-21,95.0,1124.09,14062.51,15186.6,PROP,,2025-03-23
951A1220-B,F1DD5D76,Caldeira,08.470.076/6177-00,CORPORATE,Qualificação,V007,Helena Costa,2026-04-26,,,0.0,0.0,0.0,PROP,,2026-05-26
2E758613-5,F0F7CBA0,Aparecida,09.133.412/3281-00,MIDDLE,Qualificação,V006,Gabriel Rocha,2025-02-19,,,0.0,0.0,0.0,PROP NEOGRID,,2025-02-25
A4ACF94D-F,D19998B0,Pereira,69.711.798/0893-00,MIDDLE,Proposta enviada,V008,Igor Nascimento,2025-11-19,,,0.0,0.0,0.0,PROP,,2025-12-11
73365478-1,098EC135,Pastor Pacheco S.A.,62.890.233/0307-00,CORPORATE,Prospecção,V005,Fernanda Lima,2026-03-23,,,0.0,0.0,0.0,PROP NEOGRID,,2026-05-19
90298DD6-B,DAB7368B,da Rocha S/A,27.532.697/3112-00,CORPORATE,Prospecção,V002,Bruno Carvalho,2024-12-29,,,0.0,0.0,0.0,PROP,,2025-01-24
75B09D1F-A,5B5E0A94,Martins,78.361.340/7451-00,MIDDLE,Proposta enviada,V004,Diego Souza,2025-06-05,,,0.0,0.0,0.0,PROP NEOGRID,,2025-07-07
FF91EB74-B,340D6983,Jesus Alves S.A.,77.014.363/4957-00,MIDDLE,Prospecção,V003,Carla Mendes,2026-04-12,,,0.0,0.0,0.0,PROP,,2026-05-31
8FFD9CDB-D,80FF147A,Pastor,82.586.736/2266-00,CORPORATE,Prospecção,V005,Fernanda Lima,2025-02-18,,,0.0,0.0,0.0,PROP NEOGRID,,2025-03-20
063C8ECA-6,5271D9CA,Mendonça - EI,87.072.867/9087-00,MIDDLE,Prospecção,V003,Carla Mendes,2025-02-18,,,0.0,0.0,0.0,PROP PARCEIRO,,2025-03-01
71C3EE5C-1,31D8B33E,Santos,14.677.418/6256-00,CORPORATE,Prospecção,V001,Ana Paula Ferreira,2025-08-07,,,0.0,0.0,0.0,PROP NEOGRID,,2025-08-19
5B29B2F9-6,F1DD5D76,Caldeira,08.470.076/6177-00,MIDDLE,Negociação,V003,Carla Mendes,2024-12-05,,,0.0,0.0,0.0,PROP PARCEIRO,,2025-01-14
6EF02D99-1,A9C1B795,Casa Grande Alves S/A,93.248.086/1317-00,CORPORATE,Prospecção,V002,Bruno Carvalho,2025-03-19,,,0.0,0.0,0.0,PROP,,2025-04-15
6A91B569-C,0F362584,Teixeira,87.403.450/5415-00,CORPORATE,Proposta enviada,V001,Ana Paula Ferreira,2026-03-12,,,0.0,0.0,0.0,PROP PARCEIRO,,2026-04-21
5318AE34-1,B1D5295D,Guerra Farias Ltda.,52.408.240/0842-00,CORPORATE,Prospecção,V007,Helena Costa,2024-12-29,,,0.0,0.0,0.0,PROP,,2025-01-17
68484ABA-F,91A2E92D,Cassiano,76.936.763/2016-00,CORPORATE,Prospecção,V005,Fernanda Lima,2025-05-09,,,0.0,0.0,0.0,PROP,,2025-05-20
E0DAE5E3-6,0A9DCD56,Sá,34.316.117/2400-00,CORPORATE,Prospecção,V005,Fernanda Lima,2025-09-28,,,0.0,0.0,0.0,PROP PARCEIRO,,2025-10-04
BE437B4F-9,4D96EE5E,Albuquerque - EI,59.782.071/5182-00,MIDDLE,Prospecção,V008,Igor Nascimento,2025-04-26,,,0.0,0.0,0.0,PROP PARCEIRO,,2025-04-26
D8C54B9D-9,FEF365CF,Barbosa Araújo S.A.,50.606.853/6153-00,CORPORATE,Qualificação,V005,Fernanda Lima,2024-09-07,,,0.0,0.0,0.0,PROP PARCEIRO,,2024-09-24
7E0F262D-2,06DCB309,Silva Casa Grande Ltda.,61.990.623/4456-00,CORPORATE,Proposta enviada,V001,Ana Paula Ferreira,2026-01-15,,,0.0,0.0,0.0,PROP,,2026-01-17
38BF8A20-D,7D7C275E,Porto,81.219.136/1939-00,CORPORATE,Prospecção,V007,Helena Costa,2026-01-22,,,0.0,0.0,0.0,PROP NEOGRID,,2026-02-10
85FCA560-A,0CB8182B,Novais,64.381.561/4978-00,MIDDLE,Perdido,V004,Diego Souza,2024-11-03,2024-12-17,44.0,0.0,0.0,0.0,PROP PARCEIRO,Sem budget,2024-12-30
E7B0FDFC-F,6055DD8F,Araújo,70.462.265/6766-00,MIDDLE,Ganho (MIDDLE),V008,Igor Nascimento,2024-07-28,2024-09-01,35.0,13751.89,3895.84,17647.73,PROP NEOGRID,,2024-08-30
6A556361-7,634848EC,da Rosa,34.944.665/7437-00,CORPORATE,Prospecção,V005,Fernanda Lima,2025-12-22,,,0.0,0.0,0.0,PROP,,2026-02-10
73334BB9-8,E07C1996,Sousa S.A.,11.526.218/1599-00,CORPORATE,Negociação,V007,Helena Costa,2024-12-13,,,0.0,0.0,0.0,PROP,,2024-12-23
FAB18654-0,BB80B671,da Paz,58.929.750/0170-00,MIDDLE,Negociação,V008,Igor Nascimento,2024-10-05,,,0.0,0.0,0.0,PROP NEOGRID,,2024-10-18
3E77DBFF-F,51AA03AD,Oliveira,17.248.251/3534-00,CORPORATE,Prospecção,V002,Bruno Carvalho,2024-09-04,,,0.0,0.0,0.0,PROP PARCEIRO,,2024-10-03
1904694E-A,B8994D0D,da Costa,79.252.419/1380-00,MIDDLE,Qualificação,V004,Diego Souza,2025-07-04,,,0.0,0.0,0.0,PROP,,2025-07-18
E7F315AB-9,D1DFBA49,Gomes Marques Ltda.,83.982.258/7139-00,CORPORATE,Proposta enviada,V005,Fernanda Lima,2026-03-24,,,0.0,0.0,0.0,PROP NEOGRID,,2026-05-22
368D9D6B-4,1631ECC7,Abreu Barbosa e Filhos,98.262.045/0533-00,CORPORATE,Prospecção,V001,Ana Paula Ferreira,2024-07-15,,,0.0,0.0,0.0,PROP,,2024-08-18
88678E95-F,796C49CA,Ribeiro,49.818.299/2299-00,CORPORATE,Prospecção,V005,Fernanda Lima,2024-07-25,,,0.0,0.0,0.0,PROP,,2024-09-23
D983840E-1,ABFE031C,Macedo,43.289.861/4341-00,MIDDLE,Negociação,V008,Igor Nascimento,2024-08-15,,,0.0,0.0,0.0,PROP PARCEIRO,,2024-10-06
0BD37B42-0,D1202414,Gomes Correia - EI,55.188.442/2583-00,CORPORATE,Ganho (CORPORATE),V002,Bruno Carvalho,2025-07-21,2025-09-09,50.0,24199.04,12189.39,36388.43,PROP PARCEIRO,,2025-09-14
CF43522E-B,48642A3D,Barros Ltda.,85.445.877/1753-00,CORPORATE,Negociação,V007,Helena Costa,2024-07-03,,,0.0,0.0,0.0,PROP PARCEIRO,,2024-08-07
3E4C6F89-7,93E2E7C6,Brito,30.756.220/8635-00,CORPORATE,Negociação,V002,Bruno Carvalho,2025-06-05,,,0.0,0.0,0.0,PROP NEOGRID,,2025-06-14
F27B8A9E-6,8D98014F,Lopes Cardoso S/A,99.650.752/7354-00,MIDDLE,Prospecção,V008,Igor Nascimento,2025-04-21,,,0.0,0.0,0.0,PROP NEOGRID,,2025-05-02
BDFFD7A2-B,9DAB14E0,Silveira Macedo S/A,94.043.898/3640-00,MIDDLE,Prospecção,V004,Diego Souza,2025-10-22,,,0.0,0.0,0.0,PROP,,2025-12-02
25FABA04-D,87762197,Vasconcelos,26.343.517/5183-00,MIDDLE,Prospecção,V004,Diego Souza,2025-11-03,,,0.0,0.0,0.0,PROP,,2025-11-07
6F9E4566-F,09B6FB30,Porto - ME,31.491.905/8651-00,CORPORATE,Prospecção,V002,Bruno Carvalho,2025-01-23,,,0.0,0.0,0.0,PROP,,2025-03-10
A217F4FA-4,155D1530,Borges,59.770.348/2477-00,CORPORATE,Negociação,V001,Ana Paula Ferreira,2024-08-24,,,0.0,0.0,0.0,PROP,,2024-10-15
DE2672C9-9,5013BAAE,Almeida Pinto S.A.,83.933.529/0422-00,CORPORATE,Negociação,V001,Ana Paula Ferreira,2025-12-19,,,0.0,0.0,0.0,PROP,,2026-02-17
36875A6C-3,0D7C130F,Leão,89.691.085/8994-00,CORPORATE,Negociação,V001,Ana Paula Ferreira,2026-01-15,,,0.0,0.0,0.0,PROP PARCEIRO,,2026-01-20
4B22D8ED-7,4E9414EC,Peixoto Ltda.,91.699.854/3534-00,CORPORATE,Prospecção,V007,Helena Costa,2025-11-17,,,0.0,0.0,0.0,PROP,,2025-11-20
583CBC65-B,F1BAE541,Fernandes Vargas - ME,11.554.262/2189-00,MIDDLE,Proposta enviada,V003,Carla Mendes,2026-04-12,,,0.0,0.0,0.0,PROP NEOGRID,,2026-04-18
865175AC-7,AD09D08B,Lopes,99.938.677/4964-00,MIDDLE,Prospecção,V004,Diego Souza,2026-04-09,,,0.0,0.0,0.0,PROP NEOGRID,,2026-05-20
B3D3D098-6,15E4AE09,Cirino,59.514.846/5648-00,MIDDLE,Prospecção,V008,Igor Nascimento,2026-01-08,,,0.0,0.0,0.0,PROP,,2026-01-14
C3818039-F,A8114FDD,Rocha,90.659.401/3990-00,MIDDLE,Qualificação,V006,Gabriel Rocha,2026-01-02,,,0.0,0.0,0.0,PROP,,2026-02-28
D043EF8C-3,B05CCE3F,Fonseca,51.355.215/7043-00,CORPORATE,Proposta enviada,V002,Bruno Carvalho,2025-02-19,,,0.0,0.0,0.0,PROP PARCEIRO,,2025-03-18
791DA41D-F,CDABD7E0,Gomes - ME,75.618.537/4741-00,CORPORATE,Ganho (CORPORATE),V005,Fernanda Lima,2024-08-02,2024-10-19,78.0,31128.93,24549.16,55678.09,PROP NEOGRID,,2024-09-13
7C05AE7F-0,2346F93F,Aragão e Filhos,66.299.468/0443-00,MIDDLE,Perdido,V003,Carla Mendes,2026-05-01,2026-06-13,43.0,0.0,0.0,0.0,PROP,Projeto cancelado,2026-05-29
0DD7C64F-7,5B5E0A94,Martins,78.361.340/7451-00,MIDDLE,Negociação,V003,Carla Mendes,2024-09-19,,,0.0,0.0,0.0,PROP,,2024-09-24
EC98B7ED-C,3E6D8016,Cassiano da Conceição - ME,48.217.594/6474-00,MIDDLE,Perdido,V004,Diego Souza,2025-04-04,2025-07-08,95.0,0.0,0.0,0.0,PROP PARCEIRO,Projeto cancelado,2025-05-12
CB692946-C,4E9414EC,Peixoto Ltda.,91.699.854/3534-00,MIDDLE,Prospecção,V004,Diego Souza,2025-04-06,,,0.0,0.0,0.0,PROP PARCEIRO,,2025-05-07
B9C14456-9,340D6983,Jesus Alves S.A.,77.014.363/4957-00,CORPORATE,Qualificação,V007,Helena Costa,2024-11-10,,,0.0,0.0,0.0,PROP PARCEIRO,,2024-11-24
8F39BA26-A,E9D19EFB,Sales,84.443.106/9872-00,CORPORATE,Prospecção,V001,Ana Paula Ferreira,2025-10-07,,,0.0,0.0,0.0,PROP PARCEIRO,,2025-11-06
DB8B3440-2,3E9184C1,Cavalcanti e Filhos,34.125.286/6929-00,CORPORATE,Perdido,V001,Ana Paula Ferreira,2025-05-11,2025-08-16,97.0,0.0,0.0,0.0,PROP,Sem budget,2025-06-09
9DD853C9-D,DC440577,Mendonça Câmara Ltda.,85.884.247/4517-00,CORPORATE,Ganho (CORPORATE),V007,Helena Costa,2025-08-28,2025-10-25,58.0,67086.64,17821.19,84907.83,PROP,,2025-09-04
A493006E-3,BEBD485D,Freitas,15.410.067/6267-00,CORPORATE,Qualificação,V001,Ana Paula Ferreira,2025-02-23,,,0.0,0.0,0.0,PROP PARCEIRO,,2025-04-01
DDF08DE2-F,A8114FDD,Rocha,90.659.401/3990-00,CORPORATE,Qualificação,V002,Bruno Carvalho,2026-04-03,,,0.0,0.0,0.0,PROP,,2026-04-07
8FF645D3-1,D19998B0,Pereira,69.711.798/0893-00,CORPORATE,Proposta enviada,V007,Helena Costa,2025-12-01,,,0.0,0.0,0.0,PROP,,2026-01-17
1F7DEF00-0,5026A559,Fonseca Lopes S/A,67.974.034/4713-00,MIDDLE,Qualificação,V006,Gabriel Rocha,2025-02-03,,,0.0,0.0,0.0,PROP NEOGRID,,2025-02-10
C30AFCD1-8,3BE386AF,Marques - EI,89.373.467/0656-00,CORPORATE,Prospecção,V001,Ana Paula Ferreira,2024-08-23,,,0.0,0.0,0.0,PROP,,2024-09-17
892ECC07-3,AB7C34F7,Leão,39.473.121/7271-00,MIDDLE,Proposta enviada,V008,Igor Nascimento,2024-10-13,,,0.0,0.0,0.0,PROP PARCEIRO,,2024-11-14
BF0B48A4-F,6FEED30D,Câmara,93.796.603/3419-00,MIDDLE,Negociação,V008,Igor Nascimento,2025-11-24,,,0.0,0.0,0.0,PROP NEOGRID,,2026-01-23
71B52541-D,6FD00BCC,Aragão,39.636.057/6627-00,CORPORATE,Negociação,V007,Helena Costa,2024-08-08,,,0.0,0.0,0.0,PROP PARCEIRO,,2024-09-12
E33516AA-4,05976912,Silva Fernandes S.A.,12.419.049/6631-00,CORPORATE,Negociação,V007,Helena Costa,2024-12-31,,,0.0,0.0,0.0,PROP NEOGRID,,2025-01-10
42876C66-6,3BDE734F,Azevedo,97.700.886/0084-00,CORPORATE,Negociação,V007,Helena Costa,2025-10-16,,,0.0,0.0,0.0,PROP NEOGRID,,2025-11-23
8D48A80E-3,E087B7FC,Rocha,47.055.169/4097-00,MIDDLE,Prospecção,V006,Gabriel Rocha,2025-11-18,,,0.0,0.0,0.0,PROP PARCEIRO,,2025-11-18
16D8587C-5,358F2450,Ribeiro S/A,95.342.836/4408-00,MIDDLE,Prospecção,V004,Diego Souza,2024-07-19,,,0.0,0.0,0.0,PROP,,2024-08-24
E95178C6-F,17160B62,Aragão S.A.,85.050.641/3836-00,CORPORATE,Proposta enviada,V007,Helena Costa,2026-03-18,,,0.0,0.0,0.0,PROP NEOGRID,,2026-03-18
